CREATE TABLE GENERO (
  ID INT,
  GENERO VARCHAR(30),
  PRIMARY KEY (ID)
);

SELECT * FROM GENERO;

CREATE TABLE ENDERECO(
  ID INT,
  RUA VARCHAR2(30),
  BAIRRO VARCHAR2(30),
  CIDADE VARCHAR2(30),
  CEP VARCHAR2(8),
  PRIMARY KEY (ID)
);

SELECT * FROM ENDERECO;

CREATE TABLE TELEFONE( 
  ID INT,
  NUMERO VARCHAR2(11) NOT NULL,
  PRIMARY KEY (ID)
);


CREATE TABLE USUARIO(
  ID INT,
  NOME VARCHAR2(30),
  LOGIN VARCHAR2(30),
  PASSWORD VARCHAR2(60),
  ENDERECO_ID NUMBER,
  TELEFONE_ID NUMBER,
  PRIMARY KEY (ID),
  
  FOREIGN KEY (ENDERECO_ID) REFERENCES ENDERECO (ID),
  FOREIGN KEY (TELEFONE_ID) REFERENCES TELEFONE (ID)
  
);

CREATE TABLE AUTOR(
  ID INT,
  NOME VARCHAR2(30),
  ENDERECO_ID NUMBER,
  TELEFONE_ID NUMBER,
  PRIMARY KEY (ID),

  FOREIGN KEY (ENDERECO_ID) REFERENCES ENDERECO (ID),
  FOREIGN KEY (TELEFONE_ID) REFERENCES TELEFONE (ID)
);


CREATE TABLE EDITORA (
  ID INT,
  CNPJ_EDITORA VARCHAR2(11),
  NOME VARCHAR2(30),
  ENDERECO_ID NUMBER,
  TELEFONE_ID NUMBER,
  PRIMARY KEY (ID),
  
  FOREIGN KEY (ENDERECO_ID) REFERENCES ENDERECO (ID),
  FOREIGN KEY (TELEFONE_ID) REFERENCES TELEFONE (ID)
);

CREATE TABLE LIVRO(
  ID INT,
  TITULO VARCHAR2(30),
  EXEMPLAR NUMBER,
  USUARIO_ID NUMBER NOT NULL,
  AUTOR_ID NUMBER NOT NULL,
  EDITORA_ID NUMBER NOT NULL,
  GENERO_ID NUMBER NOT NULL,
  PRIMARY KEY (ID),

  FOREIGN KEY (USUARIO_ID) REFERENCES USUARIO (ID),
  FOREIGN KEY (AUTOR_ID) REFERENCES AUTOR (ID),
  FOREIGN KEY (EDITORA_ID) REFERENCES EDITORA (ID),
  FOREIGN KEY (GENERO_ID) REFERENCES GENERO (ID)
);

CREATE TABLE GENERO_LIVRO(
  ID INT,
  LIVRO_ID NUMBER NOT NULL,
  GENERO_ID NUMBER NOT NULL,
  PRIMARY KEY (ID),
  
  FOREIGN KEY (LIVRO_ID) REFERENCES LIVRO (ID),
  FOREIGN KEY (GENERO_ID) REFERENCES GENERO (ID)
);

CREATE TABLE GENERO_USUARIO(
  ID INT,
  USUARIO_ID NUMBER NOT NULL,
  GENERO_ID NUMBER NOT NULL,
  PRIMARY KEY (ID),
  
  FOREIGN KEY (USUARIO_ID) REFERENCES USUARIO (ID),
  FOREIGN KEY (GENERO_ID) REFERENCES GENERO (ID)
);


CREATE TABLE EVENTO (
  ID INT,
  USUARIO_ID NUMBER NOT NULL,
  LIVRO_ID NUMBER NOT NULL,
  TIPO VARCHAR2(10) CHECK( TIPO IN ('DEMANDAR','OFERECER') ),
  PRIMARY KEY (ID),
  
  FOREIGN KEY (USUARIO_ID) REFERENCES USUARIO (ID),
  FOREIGN KEY (LIVRO_ID) REFERENCES LIVRO (ID)
);

CREATE TABLE HISTORICO (
  ID INT,
  USUARIO_DESTINATARIO_ID NUMBER NOT NULL,
  USUARIO_REMETENTE_ID NUMBER NOT NULL,
  LIVRO_ID NUMBER NOT NULL,
  DATA_TROCA DATE NOT NULL,
  
  PRIMARY KEY (ID),
  
  FOREIGN KEY (USUARIO_DESTINATARIO_ID) REFERENCES USUARIO (ID),
  FOREIGN KEY (USUARIO_REMETENTE_ID) REFERENCES USUARIO (ID),
  FOREIGN KEY (LIVRO_ID) REFERENCES LIVRO (ID)
);


INSERT INTO ENDERECO(ID, RUA, BAIRRO, CIDADE, CEP) VALUES (0, "Verlie Trail", "West Charliechester", "North Nyahberg", "53506" );
INSERT INTO ENDERECO(ID, RUA, BAIRRO, CIDADE, CEP) VALUES (1, "Grace Ramp", "Leifport", "Port Elta", "61315-3280" );
INSERT INTO ENDERECO(ID, RUA, BAIRRO, CIDADE, CEP) VALUES (2, "Mireille Dam", "Tremblayland", "Natton", "54182-1528" );
INSERT INTO ENDERECO(ID, RUA, BAIRRO, CIDADE, CEP) VALUES (3, "Kuhic Ranch", "North Corrineland", "Westmouth", "38214-9954" );
INSERT INTO ENDERECO(ID, RUA, BAIRRO, CIDADE, CEP) VALUES (4, "Breitenberg Circle", "East Danfurt", "East Norbertoborough", "39927" );
INSERT INTO ENDERECO(ID, RUA, BAIRRO, CIDADE, CEP) VALUES (5, "Ebert Vista", "Flavioland", "Walterside", "25828" );
INSERT INTO ENDERECO(ID, RUA, BAIRRO, CIDADE, CEP) VALUES (6, "Tracey Court", "Rutherfordhaven", "Mariannamouth", "95030-6307" );
INSERT INTO ENDERECO(ID, RUA, BAIRRO, CIDADE, CEP) VALUES (7, "Linda Forge", "Moenhaven", "Elnachester", "58883-6846" );
INSERT INTO ENDERECO(ID, RUA, BAIRRO, CIDADE, CEP) VALUES (8, "Bergnaum Parkways", "New Dennisville", "North Lethastad", "50544-8087" );
INSERT INTO ENDERECO(ID, RUA, BAIRRO, CIDADE, CEP) VALUES (9, "Gottlieb Path", "Port Tatyana", "Kossview", "68967" );
INSERT INTO ENDERECO(ID, RUA, BAIRRO, CIDADE, CEP) VALUES (10, "Walsh Mission", "Cordellland", "North Landen", "41302-8113" );
INSERT INTO ENDERECO(ID, RUA, BAIRRO, CIDADE, CEP) VALUES (11, "Volkman Lights", "New Anamouth", "South Muriel", "55615" );
INSERT INTO ENDERECO(ID, RUA, BAIRRO, CIDADE, CEP) VALUES (12, "Feil Bypass", "Kylermouth", "Alannabury", "04369-8622" );
INSERT INTO ENDERECO(ID, RUA, BAIRRO, CIDADE, CEP) VALUES (13, "Hester Groves", "Durganside", "Halvorsontown", "98860-0461" );
INSERT INTO ENDERECO(ID, RUA, BAIRRO, CIDADE, CEP) VALUES (14, "Lucie Pike", "East Oran", "West Dovieburgh", "18839-5070" );
INSERT INTO ENDERECO(ID, RUA, BAIRRO, CIDADE, CEP) VALUES (15, "Mateo Fork", "East Magdalena", "Hagenesview", "63256-0476" );
INSERT INTO ENDERECO(ID, RUA, BAIRRO, CIDADE, CEP) VALUES (16, "Marks Island", "Pascaleland", "Goldnerborough", "46657" );
INSERT INTO ENDERECO(ID, RUA, BAIRRO, CIDADE, CEP) VALUES (17, "D'angelo Estate", "Federicoshire", "Auermouth", "55622-0447" );
INSERT INTO ENDERECO(ID, RUA, BAIRRO, CIDADE, CEP) VALUES (18, "Timmothy Estates", "Lake Estellaburgh", "North Rebekah", "43998" );
INSERT INTO ENDERECO(ID, RUA, BAIRRO, CIDADE, CEP) VALUES (19, "Sauer Stravenue", "North Rosamond", "MacGyverhaven", "15544" );
INSERT INTO TELEFONE(ID, NUMERO) VALUES (0, "185.553.8441");
INSERT INTO TELEFONE(ID, NUMERO) VALUES (1, "856-232-2432");
INSERT INTO TELEFONE(ID, NUMERO) VALUES (2, "365-433-5289");
INSERT INTO TELEFONE(ID, NUMERO) VALUES (3, "1-338-661-1780");
INSERT INTO TELEFONE(ID, NUMERO) VALUES (4, "648.915.3011 x25133");
INSERT INTO TELEFONE(ID, NUMERO) VALUES (5, "302.159.7104");
INSERT INTO TELEFONE(ID, NUMERO) VALUES (6, "480-523-4276 x0201");
INSERT INTO TELEFONE(ID, NUMERO) VALUES (7, "282.255.0428");
INSERT INTO TELEFONE(ID, NUMERO) VALUES (8, "975-552-4238");
INSERT INTO TELEFONE(ID, NUMERO) VALUES (9, "147-925-7655 x49842");
INSERT INTO TELEFONE(ID, NUMERO) VALUES (10, "321.524.4499 x18981");
INSERT INTO TELEFONE(ID, NUMERO) VALUES (11, "836-384-4915");
INSERT INTO TELEFONE(ID, NUMERO) VALUES (12, "1-683-022-4998 x8896");
INSERT INTO TELEFONE(ID, NUMERO) VALUES (13, "926-749-1902");
INSERT INTO TELEFONE(ID, NUMERO) VALUES (14, "1-183-215-8086 x638");
INSERT INTO TELEFONE(ID, NUMERO) VALUES (15, "477.083.5984 x071");
INSERT INTO TELEFONE(ID, NUMERO) VALUES (16, "1-127-441-1179 x3369");
INSERT INTO TELEFONE(ID, NUMERO) VALUES (17, "386-962-0301 x870");
INSERT INTO TELEFONE(ID, NUMERO) VALUES (18, "697.991.6261");
INSERT INTO TELEFONE(ID, NUMERO) VALUES (19, "1-876-423-5233");
INSERT INTO AUTOR(ID, NOME)	VALUES (0, "Mortimer");
INSERT INTO AUTOR(ID, NOME)	VALUES (1, "Holden");
INSERT INTO AUTOR(ID, NOME)	VALUES (2, "Mario");
INSERT INTO AUTOR(ID, NOME)	VALUES (3, "Elbert");
INSERT INTO AUTOR(ID, NOME)	VALUES (4, "Trudie");
INSERT INTO AUTOR(ID, NOME)	VALUES (5, "Tristin");
INSERT INTO AUTOR(ID, NOME)	VALUES (6, "Ashleigh");
INSERT INTO AUTOR(ID, NOME)	VALUES (7, "Yessenia");
INSERT INTO AUTOR(ID, NOME)	VALUES (8, "Kyle");
INSERT INTO AUTOR(ID, NOME)	VALUES (9, "Amya");
INSERT INTO AUTOR(ID, NOME)	VALUES (10, "Pierre");
INSERT INTO AUTOR(ID, NOME)	VALUES (11, "Josiah");
INSERT INTO AUTOR(ID, NOME)	VALUES (12, "Jakayla");
INSERT INTO AUTOR(ID, NOME)	VALUES (13, "Emile");
INSERT INTO AUTOR(ID, NOME)	VALUES (14, "Lavonne");
INSERT INTO AUTOR(ID, NOME)	VALUES (15, "Elias");
INSERT INTO AUTOR(ID, NOME)	VALUES (16, "Deja");
INSERT INTO AUTOR(ID, NOME)	VALUES (17, "Herman");
INSERT INTO AUTOR(ID, NOME)	VALUES (18, "Hailie");
INSERT INTO AUTOR(ID, NOME)	VALUES (19, "Bo");
INSERT INTO EDITORA(ID, NOME, CPNJ_EDITORA, ENDERECO_ID, TELEFONE_ID) VALUES (0, "Clifford", "190616", 20, 15);
INSERT INTO EDITORA(ID, NOME, CPNJ_EDITORA, ENDERECO_ID, TELEFONE_ID) VALUES (1, "Veronica", "197225", 13, 3);
INSERT INTO EDITORA(ID, NOME, CPNJ_EDITORA, ENDERECO_ID, TELEFONE_ID) VALUES (2, "Gilda", "408654", 1, 16);
INSERT INTO EDITORA(ID, NOME, CPNJ_EDITORA, ENDERECO_ID, TELEFONE_ID) VALUES (3, "Kiara", "447541", 19, 16);
INSERT INTO EDITORA(ID, NOME, CPNJ_EDITORA, ENDERECO_ID, TELEFONE_ID) VALUES (4, "Savion", "663810", 13, 7);
INSERT INTO EDITORA(ID, NOME, CPNJ_EDITORA, ENDERECO_ID, TELEFONE_ID) VALUES (5, "Jarret", "300178", 20, 18);
INSERT INTO EDITORA(ID, NOME, CPNJ_EDITORA, ENDERECO_ID, TELEFONE_ID) VALUES (6, "Lelia", "706666", 13, 10);
INSERT INTO EDITORA(ID, NOME, CPNJ_EDITORA, ENDERECO_ID, TELEFONE_ID) VALUES (7, "Brant", "233136", 19, 2);
INSERT INTO EDITORA(ID, NOME, CPNJ_EDITORA, ENDERECO_ID, TELEFONE_ID) VALUES (8, "Betsy", "760242", 10, 18);
INSERT INTO EDITORA(ID, NOME, CPNJ_EDITORA, ENDERECO_ID, TELEFONE_ID) VALUES (9, "Polly", "377366", 5, 8);
INSERT INTO EDITORA(ID, NOME, CPNJ_EDITORA, ENDERECO_ID, TELEFONE_ID) VALUES (10, "Toni", "299751", 15, 3);
INSERT INTO EDITORA(ID, NOME, CPNJ_EDITORA, ENDERECO_ID, TELEFONE_ID) VALUES (11, "Sharon", "067754", 6, 11);
INSERT INTO EDITORA(ID, NOME, CPNJ_EDITORA, ENDERECO_ID, TELEFONE_ID) VALUES (12, "Tracy", "047654", 6, 11);
INSERT INTO EDITORA(ID, NOME, CPNJ_EDITORA, ENDERECO_ID, TELEFONE_ID) VALUES (13, "Alvah", "401994", 7, 0);
INSERT INTO EDITORA(ID, NOME, CPNJ_EDITORA, ENDERECO_ID, TELEFONE_ID) VALUES (14, "Karl", "949332", 9, 1);
INSERT INTO EDITORA(ID, NOME, CPNJ_EDITORA, ENDERECO_ID, TELEFONE_ID) VALUES (15, "Doris", "945671", 0, 0);
INSERT INTO EDITORA(ID, NOME, CPNJ_EDITORA, ENDERECO_ID, TELEFONE_ID) VALUES (16, "Erwin", "188252", 17, 4);
INSERT INTO EDITORA(ID, NOME, CPNJ_EDITORA, ENDERECO_ID, TELEFONE_ID) VALUES (17, "Opal", "901626", 3, 19);
INSERT INTO EDITORA(ID, NOME, CPNJ_EDITORA, ENDERECO_ID, TELEFONE_ID) VALUES (18, "Hassie", "195516", 14, 6);
INSERT INTO EDITORA(ID, NOME, CPNJ_EDITORA, ENDERECO_ID, TELEFONE_ID) VALUES (19, "Quinten", "520358", 12, 3);
INSERT INTO GENERO (ID, GENERO) VALUES (0, "Creative");
INSERT INTO GENERO (ID, GENERO) VALUES (1, "Research");
INSERT INTO GENERO (ID, GENERO) VALUES (2, "Branding");
INSERT INTO GENERO (ID, GENERO) VALUES (3, "Research");
INSERT INTO GENERO (ID, GENERO) VALUES (4, "Functionality");
INSERT INTO GENERO (ID, GENERO) VALUES (5, "Web");
INSERT INTO GENERO (ID, GENERO) VALUES (6, "Quality");
INSERT INTO GENERO (ID, GENERO) VALUES (7, "Metrics");
INSERT INTO GENERO (ID, GENERO) VALUES (8, "Metrics");
INSERT INTO GENERO (ID, GENERO) VALUES (9, "Creative");
INSERT INTO GENERO (ID, GENERO) VALUES (10, "Quality");
INSERT INTO GENERO (ID, GENERO) VALUES (11, "Accountability");
INSERT INTO GENERO (ID, GENERO) VALUES (12, "Tactics");
INSERT INTO GENERO (ID, GENERO) VALUES (13, "Operations");
INSERT INTO GENERO (ID, GENERO) VALUES (14, "Configuration");
INSERT INTO GENERO (ID, GENERO) VALUES (15, "Integration");
INSERT INTO GENERO (ID, GENERO) VALUES (16, "Identity");
INSERT INTO GENERO (ID, GENERO) VALUES (17, "Optimization");
INSERT INTO GENERO (ID, GENERO) VALUES (18, "Data");
INSERT INTO GENERO (ID, GENERO) VALUES (19, "Web");
INSERT INTO USUARIO (ID, NOME, LOGIN, PASSWORD, ENDERECO_ID, TELEFONE_ID) VALUES (0, "Selena", "Donnelly", "Evalyn.Shields31", "BYvAMYuYyvSCrzd", 17, 11);
INSERT INTO USUARIO (ID, NOME, LOGIN, PASSWORD, ENDERECO_ID, TELEFONE_ID) VALUES (1, "Nigel", "Auer", "Devan47", "K733vXFK1kZmYw3", 1, 17);
INSERT INTO USUARIO (ID, NOME, LOGIN, PASSWORD, ENDERECO_ID, TELEFONE_ID) VALUES (2, "Vita", "Kuvalis", "Bryon.Kozey89", "QSBX16cL_KKcEP4", 2, 4);
INSERT INTO USUARIO (ID, NOME, LOGIN, PASSWORD, ENDERECO_ID, TELEFONE_ID) VALUES (3, "Minerva", "Shields", "Stan69", "63g4dS1vNHiYUPd", 18, 15);
INSERT INTO USUARIO (ID, NOME, LOGIN, PASSWORD, ENDERECO_ID, TELEFONE_ID) VALUES (4, "Ramona", "Kihn", "Leonor.Harris15", "mKflEt0budQc5Us", 19, 13);
INSERT INTO USUARIO (ID, NOME, LOGIN, PASSWORD, ENDERECO_ID, TELEFONE_ID) VALUES (5, "Martin", "Parisian", "Everett_Thompson", "chAJEVWmejX70Ay", 15, 1);
INSERT INTO USUARIO (ID, NOME, LOGIN, PASSWORD, ENDERECO_ID, TELEFONE_ID) VALUES (6, "Irma", "Reynolds", "Norval_Rice", "SdqYNI2XI5PvQo5", 5, 2);
INSERT INTO USUARIO (ID, NOME, LOGIN, PASSWORD, ENDERECO_ID, TELEFONE_ID) VALUES (7, "Yasmeen", "Jones", "Kitty_Schiller", "qz9DmJWozKSPT0w", 6, 17);
INSERT INTO USUARIO (ID, NOME, LOGIN, PASSWORD, ENDERECO_ID, TELEFONE_ID) VALUES (8, "Dave", "Gleichner", "Demetris83", "RiwMsqoXItkOvp6", 17, 19);
INSERT INTO USUARIO (ID, NOME, LOGIN, PASSWORD, ENDERECO_ID, TELEFONE_ID) VALUES (9, "Nils", "Torphy", "Ricardo.Hane10", "kMRwgtYL7mZhKhJ", 12, 8);
INSERT INTO USUARIO (ID, NOME, LOGIN, PASSWORD, ENDERECO_ID, TELEFONE_ID) VALUES (10, "Makayla", "Prohaska", "Annamae_Luettgen", "iDZGmxFP4TZQoEq", 2, 11);
INSERT INTO USUARIO (ID, NOME, LOGIN, PASSWORD, ENDERECO_ID, TELEFONE_ID) VALUES (11, "Brenna", "Towne", "Edgardo_Maggio", "2PdYz1JNshiN7pk", 20, 6);
INSERT INTO USUARIO (ID, NOME, LOGIN, PASSWORD, ENDERECO_ID, TELEFONE_ID) VALUES (12, "Maida", "Von", "Emmett.Labadie87", "ZLO3ShvVIEnh541", 7, 8);
INSERT INTO USUARIO (ID, NOME, LOGIN, PASSWORD, ENDERECO_ID, TELEFONE_ID) VALUES (13, "Zelda", "McDermott", "Lea1", "gWwD3P8puFutCHn", 17, 10);
INSERT INTO USUARIO (ID, NOME, LOGIN, PASSWORD, ENDERECO_ID, TELEFONE_ID) VALUES (14, "Richie", "O'Kon", "Katlyn_Bahringer39", "b5xFMQR9f1klww3", 2, 20);
INSERT INTO USUARIO (ID, NOME, LOGIN, PASSWORD, ENDERECO_ID, TELEFONE_ID) VALUES (15, "Turner", "Upton", "Cathy.Dooley", "4H26YpJo_jwmqo7", 20, 8);
INSERT INTO USUARIO (ID, NOME, LOGIN, PASSWORD, ENDERECO_ID, TELEFONE_ID) VALUES (16, "Micaela", "Schumm", "Candace_Hessel32", "jCS5qMGgQ9NSoNq", 14, 18);
INSERT INTO USUARIO (ID, NOME, LOGIN, PASSWORD, ENDERECO_ID, TELEFONE_ID) VALUES (17, "Brannon", "Sawayn", "Devin_Raynor", "5fE01JTewb3EDTS", 11, 3);
INSERT INTO USUARIO (ID, NOME, LOGIN, PASSWORD, ENDERECO_ID, TELEFONE_ID) VALUES (18, "Marlene", "Konopelski", "Tremayne.Stokes98", "wcU23plMipOb5_Q", 4, 20);
INSERT INTO USUARIO (ID, NOME, LOGIN, PASSWORD, ENDERECO_ID, TELEFONE_ID) VALUES (19, "Kendrick", "Kreiger", "Daisha_Kuvalis", "vQ5k4d1EngFtAcO", 9, 5);
INSERT INTO LIVRO (ID, TITULO, EXEMPLAR, USUARIO_ID, AUTOR_ID, EDITORA_ID, GENERO_ID) VALUES (0, "International Intranet Administrator", 1, 10, 1, 8, 13);
INSERT INTO LIVRO (ID, TITULO, EXEMPLAR, USUARIO_ID, AUTOR_ID, EDITORA_ID, GENERO_ID) VALUES (1, "Direct Creative Technician", 2, 4, 2, 20, 7);
INSERT INTO LIVRO (ID, TITULO, EXEMPLAR, USUARIO_ID, AUTOR_ID, EDITORA_ID, GENERO_ID) VALUES (2, "Human Mobility Developer", 3, 10, 15, 18, 20);
INSERT INTO LIVRO (ID, TITULO, EXEMPLAR, USUARIO_ID, AUTOR_ID, EDITORA_ID, GENERO_ID) VALUES (3, "District Creative Administrator", 4, 19, 0, 16, 13);
INSERT INTO LIVRO (ID, TITULO, EXEMPLAR, USUARIO_ID, AUTOR_ID, EDITORA_ID, GENERO_ID) VALUES (4, "Regional Solutions Architect", 5, 14, 17, 18, 12);
INSERT INTO LIVRO (ID, TITULO, EXEMPLAR, USUARIO_ID, AUTOR_ID, EDITORA_ID, GENERO_ID) VALUES (5, "Lead Implementation Architect", 6, 2, 9, 20, 6);
INSERT INTO LIVRO (ID, TITULO, EXEMPLAR, USUARIO_ID, AUTOR_ID, EDITORA_ID, GENERO_ID) VALUES (6, "Chief Marketing Coordinator", 7, 14, 8, 19, 8);
INSERT INTO LIVRO (ID, TITULO, EXEMPLAR, USUARIO_ID, AUTOR_ID, EDITORA_ID, GENERO_ID) VALUES (7, "Direct Communications Representative", 8, 18, 0, 7, 11);
INSERT INTO LIVRO (ID, TITULO, EXEMPLAR, USUARIO_ID, AUTOR_ID, EDITORA_ID, GENERO_ID) VALUES (8, "Future Accounts Executive", 9, 13, 19, 3, 9);
INSERT INTO LIVRO (ID, TITULO, EXEMPLAR, USUARIO_ID, AUTOR_ID, EDITORA_ID, GENERO_ID) VALUES (9, "Legacy Program Manager", 10, 1, 20, 0, 15);
INSERT INTO LIVRO (ID, TITULO, EXEMPLAR, USUARIO_ID, AUTOR_ID, EDITORA_ID, GENERO_ID) VALUES (10, "Global Solutions Administrator", 11, 10, 12, 16, 10);
INSERT INTO LIVRO (ID, TITULO, EXEMPLAR, USUARIO_ID, AUTOR_ID, EDITORA_ID, GENERO_ID) VALUES (11, "Legacy Integration Developer", 12, 13, 8, 14, 8);
INSERT INTO LIVRO (ID, TITULO, EXEMPLAR, USUARIO_ID, AUTOR_ID, EDITORA_ID, GENERO_ID) VALUES (12, "Future Program Architect", 13, 17, 17, 5, 2);
INSERT INTO LIVRO (ID, TITULO, EXEMPLAR, USUARIO_ID, AUTOR_ID, EDITORA_ID, GENERO_ID) VALUES (13, "Human Solutions Officer", 14, 0, 17, 7, 18);
INSERT INTO LIVRO (ID, TITULO, EXEMPLAR, USUARIO_ID, AUTOR_ID, EDITORA_ID, GENERO_ID) VALUES (14, "Corporate Division Representative", 15, 9, 19, 9, 2);
INSERT INTO LIVRO (ID, TITULO, EXEMPLAR, USUARIO_ID, AUTOR_ID, EDITORA_ID, GENERO_ID) VALUES (15, "National Functionality Technician", 16, 18, 20, 2, 6);
INSERT INTO LIVRO (ID, TITULO, EXEMPLAR, USUARIO_ID, AUTOR_ID, EDITORA_ID, GENERO_ID) VALUES (16, "Chief Markets Strategist", 17, 18, 19, 19, 18);
INSERT INTO LIVRO (ID, TITULO, EXEMPLAR, USUARIO_ID, AUTOR_ID, EDITORA_ID, GENERO_ID) VALUES (17, "Dynamic Data Engineer", 18, 9, 9, 0, 8);
INSERT INTO LIVRO (ID, TITULO, EXEMPLAR, USUARIO_ID, AUTOR_ID, EDITORA_ID, GENERO_ID) VALUES (18, "Customer Intranet Agent", 19, 17, 19, 15, 7);
INSERT INTO LIVRO (ID, TITULO, EXEMPLAR, USUARIO_ID, AUTOR_ID, EDITORA_ID, GENERO_ID) VALUES (19, "Global Data Strategist", 20, 10, 0, 1, 10);
INSERT INTO GENERO_LIVRO (ID, LIVRO_ID, GENERO_ID) VALUES (0, 0, 1);
INSERT INTO GENERO_LIVRO (ID, LIVRO_ID, GENERO_ID) VALUES (1, 0, 1);
INSERT INTO GENERO_LIVRO (ID, LIVRO_ID, GENERO_ID) VALUES (2, 1, 0);
INSERT INTO GENERO_LIVRO (ID, LIVRO_ID, GENERO_ID) VALUES (3, 1, 15);
INSERT INTO GENERO_LIVRO (ID, LIVRO_ID, GENERO_ID) VALUES (4, 2, 15);
INSERT INTO GENERO_LIVRO (ID, LIVRO_ID, GENERO_ID) VALUES (5, 2, 7);
INSERT INTO GENERO_LIVRO (ID, LIVRO_ID, GENERO_ID) VALUES (6, 3, 13);
INSERT INTO GENERO_LIVRO (ID, LIVRO_ID, GENERO_ID) VALUES (7, 3, 11);
INSERT INTO GENERO_LIVRO (ID, LIVRO_ID, GENERO_ID) VALUES (8, 4, 12);
INSERT INTO GENERO_LIVRO (ID, LIVRO_ID, GENERO_ID) VALUES (9, 4, 1);
INSERT INTO GENERO_LIVRO (ID, LIVRO_ID, GENERO_ID) VALUES (10, 5, 19);
INSERT INTO GENERO_LIVRO (ID, LIVRO_ID, GENERO_ID) VALUES (11, 5, 2);
INSERT INTO GENERO_LIVRO (ID, LIVRO_ID, GENERO_ID) VALUES (12, 6, 16);
INSERT INTO GENERO_LIVRO (ID, LIVRO_ID, GENERO_ID) VALUES (13, 6, 17);
INSERT INTO GENERO_LIVRO (ID, LIVRO_ID, GENERO_ID) VALUES (14, 7, 17);
INSERT INTO GENERO_LIVRO (ID, LIVRO_ID, GENERO_ID) VALUES (15, 7, 6);
INSERT INTO GENERO_LIVRO (ID, LIVRO_ID, GENERO_ID) VALUES (16, 8, 8);
INSERT INTO GENERO_LIVRO (ID, LIVRO_ID, GENERO_ID) VALUES (17, 8, 6);
INSERT INTO GENERO_LIVRO (ID, LIVRO_ID, GENERO_ID) VALUES (18, 9, 16);
INSERT INTO GENERO_LIVRO (ID, LIVRO_ID, GENERO_ID) VALUES (19, 9, 16);
INSERT INTO GENERO_LIVRO (ID, LIVRO_ID, GENERO_ID) VALUES (20, 10, 6);
INSERT INTO GENERO_LIVRO (ID, LIVRO_ID, GENERO_ID) VALUES (21, 10, 18);
INSERT INTO GENERO_LIVRO (ID, LIVRO_ID, GENERO_ID) VALUES (22, 11, 2);
INSERT INTO GENERO_LIVRO (ID, LIVRO_ID, GENERO_ID) VALUES (23, 11, 5);
INSERT INTO GENERO_LIVRO (ID, LIVRO_ID, GENERO_ID) VALUES (24, 12, 20);
INSERT INTO GENERO_LIVRO (ID, LIVRO_ID, GENERO_ID) VALUES (25, 12, 12);
INSERT INTO GENERO_LIVRO (ID, LIVRO_ID, GENERO_ID) VALUES (26, 13, 15);
INSERT INTO GENERO_LIVRO (ID, LIVRO_ID, GENERO_ID) VALUES (27, 13, 4);
INSERT INTO GENERO_LIVRO (ID, LIVRO_ID, GENERO_ID) VALUES (28, 14, 9);
INSERT INTO GENERO_LIVRO (ID, LIVRO_ID, GENERO_ID) VALUES (29, 14, 18);
INSERT INTO GENERO_LIVRO (ID, LIVRO_ID, GENERO_ID) VALUES (30, 15, 15);
INSERT INTO GENERO_LIVRO (ID, LIVRO_ID, GENERO_ID) VALUES (31, 15, 18);
INSERT INTO GENERO_LIVRO (ID, LIVRO_ID, GENERO_ID) VALUES (32, 16, 2);
INSERT INTO GENERO_LIVRO (ID, LIVRO_ID, GENERO_ID) VALUES (33, 16, 17);
INSERT INTO GENERO_LIVRO (ID, LIVRO_ID, GENERO_ID) VALUES (34, 17, 10);
INSERT INTO GENERO_LIVRO (ID, LIVRO_ID, GENERO_ID) VALUES (35, 17, 15);
INSERT INTO GENERO_LIVRO (ID, LIVRO_ID, GENERO_ID) VALUES (36, 18, 14);
INSERT INTO GENERO_LIVRO (ID, LIVRO_ID, GENERO_ID) VALUES (37, 18, 13);
INSERT INTO GENERO_LIVRO (ID, LIVRO_ID, GENERO_ID) VALUES (38, 19, 15);
INSERT INTO GENERO_LIVRO (ID, LIVRO_ID, GENERO_ID) VALUES (39, 19, 1);
INSERT INTO GENERO_USUARIO (ID, USUARIO_ID, GENERO_ID) VALUES (0, 0, 4);
INSERT INTO GENERO_USUARIO (ID, USUARIO_ID, GENERO_ID) VALUES (1, 0, 18);
INSERT INTO GENERO_USUARIO (ID, USUARIO_ID, GENERO_ID) VALUES (2, 1, 2);
INSERT INTO GENERO_USUARIO (ID, USUARIO_ID, GENERO_ID) VALUES (3, 1, 0);
INSERT INTO GENERO_USUARIO (ID, USUARIO_ID, GENERO_ID) VALUES (4, 2, 16);
INSERT INTO GENERO_USUARIO (ID, USUARIO_ID, GENERO_ID) VALUES (5, 2, 12);
INSERT INTO GENERO_USUARIO (ID, USUARIO_ID, GENERO_ID) VALUES (6, 3, 15);
INSERT INTO GENERO_USUARIO (ID, USUARIO_ID, GENERO_ID) VALUES (7, 3, 9);
INSERT INTO GENERO_USUARIO (ID, USUARIO_ID, GENERO_ID) VALUES (8, 4, 0);
INSERT INTO GENERO_USUARIO (ID, USUARIO_ID, GENERO_ID) VALUES (9, 4, 16);
INSERT INTO GENERO_USUARIO (ID, USUARIO_ID, GENERO_ID) VALUES (10, 5, 12);
INSERT INTO GENERO_USUARIO (ID, USUARIO_ID, GENERO_ID) VALUES (11, 5, 13);
INSERT INTO GENERO_USUARIO (ID, USUARIO_ID, GENERO_ID) VALUES (12, 6, 4);
INSERT INTO GENERO_USUARIO (ID, USUARIO_ID, GENERO_ID) VALUES (13, 6, 3);
INSERT INTO GENERO_USUARIO (ID, USUARIO_ID, GENERO_ID) VALUES (14, 7, 3);
INSERT INTO GENERO_USUARIO (ID, USUARIO_ID, GENERO_ID) VALUES (15, 7, 10);
INSERT INTO GENERO_USUARIO (ID, USUARIO_ID, GENERO_ID) VALUES (16, 8, 18);
INSERT INTO GENERO_USUARIO (ID, USUARIO_ID, GENERO_ID) VALUES (17, 8, 8);
INSERT INTO GENERO_USUARIO (ID, USUARIO_ID, GENERO_ID) VALUES (18, 9, 8);
INSERT INTO GENERO_USUARIO (ID, USUARIO_ID, GENERO_ID) VALUES (19, 9, 3);
INSERT INTO GENERO_USUARIO (ID, USUARIO_ID, GENERO_ID) VALUES (20, 10, 15);
INSERT INTO GENERO_USUARIO (ID, USUARIO_ID, GENERO_ID) VALUES (21, 10, 2);
INSERT INTO GENERO_USUARIO (ID, USUARIO_ID, GENERO_ID) VALUES (22, 11, 7);
INSERT INTO GENERO_USUARIO (ID, USUARIO_ID, GENERO_ID) VALUES (23, 11, 5);
INSERT INTO GENERO_USUARIO (ID, USUARIO_ID, GENERO_ID) VALUES (24, 12, 17);
INSERT INTO GENERO_USUARIO (ID, USUARIO_ID, GENERO_ID) VALUES (25, 12, 17);
INSERT INTO GENERO_USUARIO (ID, USUARIO_ID, GENERO_ID) VALUES (26, 13, 17);
INSERT INTO GENERO_USUARIO (ID, USUARIO_ID, GENERO_ID) VALUES (27, 13, 5);
INSERT INTO GENERO_USUARIO (ID, USUARIO_ID, GENERO_ID) VALUES (28, 14, 14);
INSERT INTO GENERO_USUARIO (ID, USUARIO_ID, GENERO_ID) VALUES (29, 14, 5);
INSERT INTO GENERO_USUARIO (ID, USUARIO_ID, GENERO_ID) VALUES (30, 15, 3);
INSERT INTO GENERO_USUARIO (ID, USUARIO_ID, GENERO_ID) VALUES (31, 15, 6);
INSERT INTO GENERO_USUARIO (ID, USUARIO_ID, GENERO_ID) VALUES (32, 16, 8);
INSERT INTO GENERO_USUARIO (ID, USUARIO_ID, GENERO_ID) VALUES (33, 16, 20);
INSERT INTO GENERO_USUARIO (ID, USUARIO_ID, GENERO_ID) VALUES (34, 17, 0);
INSERT INTO GENERO_USUARIO (ID, USUARIO_ID, GENERO_ID) VALUES (35, 17, 20);
INSERT INTO GENERO_USUARIO (ID, USUARIO_ID, GENERO_ID) VALUES (36, 18, 9);
INSERT INTO GENERO_USUARIO (ID, USUARIO_ID, GENERO_ID) VALUES (37, 18, 10);
INSERT INTO GENERO_USUARIO (ID, USUARIO_ID, GENERO_ID) VALUES (38, 19, 15);
INSERT INTO GENERO_USUARIO (ID, USUARIO_ID, GENERO_ID) VALUES (39, 19, 14);
INSERT INTO GENERO_USUARIO (ID, USUARIO_ID, GENERO_ID) VALUES (40, 0, 15);
INSERT INTO GENERO_USUARIO (ID, USUARIO_ID, GENERO_ID) VALUES (41, 0, 5);
INSERT INTO GENERO_USUARIO (ID, USUARIO_ID, GENERO_ID) VALUES (42, 1, 0);
INSERT INTO GENERO_USUARIO (ID, USUARIO_ID, GENERO_ID) VALUES (43, 1, 13);
INSERT INTO GENERO_USUARIO (ID, USUARIO_ID, GENERO_ID) VALUES (44, 2, 11);
INSERT INTO GENERO_USUARIO (ID, USUARIO_ID, GENERO_ID) VALUES (45, 2, 8);
INSERT INTO GENERO_USUARIO (ID, USUARIO_ID, GENERO_ID) VALUES (46, 3, 0);
INSERT INTO GENERO_USUARIO (ID, USUARIO_ID, GENERO_ID) VALUES (47, 3, 13);
INSERT INTO GENERO_USUARIO (ID, USUARIO_ID, GENERO_ID) VALUES (48, 4, 8);
INSERT INTO GENERO_USUARIO (ID, USUARIO_ID, GENERO_ID) VALUES (49, 4, 8);
INSERT INTO GENERO_USUARIO (ID, USUARIO_ID, GENERO_ID) VALUES (50, 5, 14);
INSERT INTO GENERO_USUARIO (ID, USUARIO_ID, GENERO_ID) VALUES (51, 5, 5);
INSERT INTO GENERO_USUARIO (ID, USUARIO_ID, GENERO_ID) VALUES (52, 6, 13);
INSERT INTO GENERO_USUARIO (ID, USUARIO_ID, GENERO_ID) VALUES (53, 6, 6);
INSERT INTO GENERO_USUARIO (ID, USUARIO_ID, GENERO_ID) VALUES (54, 7, 2);
INSERT INTO GENERO_USUARIO (ID, USUARIO_ID, GENERO_ID) VALUES (55, 7, 1);
INSERT INTO GENERO_USUARIO (ID, USUARIO_ID, GENERO_ID) VALUES (56, 8, 15);
INSERT INTO GENERO_USUARIO (ID, USUARIO_ID, GENERO_ID) VALUES (57, 8, 3);
INSERT INTO GENERO_USUARIO (ID, USUARIO_ID, GENERO_ID) VALUES (58, 9, 16);
INSERT INTO GENERO_USUARIO (ID, USUARIO_ID, GENERO_ID) VALUES (59, 9, 7);
INSERT INTO GENERO_USUARIO (ID, USUARIO_ID, GENERO_ID) VALUES (60, 10, 2);
INSERT INTO GENERO_USUARIO (ID, USUARIO_ID, GENERO_ID) VALUES (61, 10, 5);
INSERT INTO GENERO_USUARIO (ID, USUARIO_ID, GENERO_ID) VALUES (62, 11, 6);
INSERT INTO GENERO_USUARIO (ID, USUARIO_ID, GENERO_ID) VALUES (63, 11, 17);
INSERT INTO GENERO_USUARIO (ID, USUARIO_ID, GENERO_ID) VALUES (64, 12, 6);
INSERT INTO GENERO_USUARIO (ID, USUARIO_ID, GENERO_ID) VALUES (65, 12, 15);
INSERT INTO GENERO_USUARIO (ID, USUARIO_ID, GENERO_ID) VALUES (66, 13, 11);
INSERT INTO GENERO_USUARIO (ID, USUARIO_ID, GENERO_ID) VALUES (67, 13, 15);
INSERT INTO GENERO_USUARIO (ID, USUARIO_ID, GENERO_ID) VALUES (68, 14, 0);
INSERT INTO GENERO_USUARIO (ID, USUARIO_ID, GENERO_ID) VALUES (69, 14, 18);
INSERT INTO GENERO_USUARIO (ID, USUARIO_ID, GENERO_ID) VALUES (70, 15, 10);
INSERT INTO GENERO_USUARIO (ID, USUARIO_ID, GENERO_ID) VALUES (71, 15, 15);
INSERT INTO GENERO_USUARIO (ID, USUARIO_ID, GENERO_ID) VALUES (72, 16, 9);
INSERT INTO GENERO_USUARIO (ID, USUARIO_ID, GENERO_ID) VALUES (73, 16, 19);
INSERT INTO GENERO_USUARIO (ID, USUARIO_ID, GENERO_ID) VALUES (74, 17, 0);
INSERT INTO GENERO_USUARIO (ID, USUARIO_ID, GENERO_ID) VALUES (75, 17, 6);
INSERT INTO GENERO_USUARIO (ID, USUARIO_ID, GENERO_ID) VALUES (76, 18, 9);
INSERT INTO GENERO_USUARIO (ID, USUARIO_ID, GENERO_ID) VALUES (77, 18, 9);
INSERT INTO GENERO_USUARIO (ID, USUARIO_ID, GENERO_ID) VALUES (78, 19, 0);
INSERT INTO GENERO_USUARIO (ID, USUARIO_ID, GENERO_ID) VALUES (79, 19, 1);



