INSERT INTO ENDERECO(ID, RUA, BAIRRO, CIDADE, CEP) VALUES (0, 'Koelpin Mill', 'North Javonside', 'North Rebekahberg', '17748-9122' );
INSERT INTO ENDERECO(ID, RUA, BAIRRO, CIDADE, CEP) VALUES (1, 'Enrico Canyon', 'Nathanberg', 'Ritchieport', '13180-6403' );
INSERT INTO ENDERECO(ID, RUA, BAIRRO, CIDADE, CEP) VALUES (2, 'Oberbrunner Expressway', 'West Kelleyberg', 'West Amparo', '74496-9973' );
INSERT INTO ENDERECO(ID, RUA, BAIRRO, CIDADE, CEP) VALUES (3, 'Reichert Rapids', 'Jacobsonside', 'North Katheryn', '33053-0663' );
INSERT INTO ENDERECO(ID, RUA, BAIRRO, CIDADE, CEP) VALUES (4, 'Kuhlman Wells', 'Port Demetrisview', 'Vitashire', '01197' );
INSERT INTO ENDERECO(ID, RUA, BAIRRO, CIDADE, CEP) VALUES (5, 'VonRueden Light', 'Gwenberg', 'Donnellyville', '60165-6923' );
INSERT INTO ENDERECO(ID, RUA, BAIRRO, CIDADE, CEP) VALUES (6, 'Aubree Freeway', 'Dustinshire', 'North Hilario', '91923-5549' );
INSERT INTO ENDERECO(ID, RUA, BAIRRO, CIDADE, CEP) VALUES (7, 'Herman Rest', 'North Breana', 'North Amya', '74336-7581' );
INSERT INTO ENDERECO(ID, RUA, BAIRRO, CIDADE, CEP) VALUES (8, 'Kemmer Mount', 'Jaquelinemouth', 'West Roelside', '79873-5342' );
INSERT INTO ENDERECO(ID, RUA, BAIRRO, CIDADE, CEP) VALUES (9, 'Gina Valleys', 'Maynardton', 'Pagacchester', '77718-6158' );
INSERT INTO ENDERECO(ID, RUA, BAIRRO, CIDADE, CEP) VALUES (10, 'Juana Knolls', 'New Frankmouth', 'Lavonport', '44387' );
INSERT INTO ENDERECO(ID, RUA, BAIRRO, CIDADE, CEP) VALUES (11, 'Tate Avenue', 'Isacstad', 'Chaunceyville', '11861' );
INSERT INTO ENDERECO(ID, RUA, BAIRRO, CIDADE, CEP) VALUES (12, 'Weimann Station', 'Schmelerchester', 'New Tatyanafurt', '66628-6403' );
INSERT INTO ENDERECO(ID, RUA, BAIRRO, CIDADE, CEP) VALUES (13, 'Herman Ridges', 'Medhurstmouth', 'Claudemouth', '68305-6768' );
INSERT INTO ENDERECO(ID, RUA, BAIRRO, CIDADE, CEP) VALUES (14, 'Jocelyn Track', 'East Dejuan', 'Kochside', '20746-6907' );
INSERT INTO ENDERECO(ID, RUA, BAIRRO, CIDADE, CEP) VALUES (15, 'Rath Walks', 'Frederickfort', 'Roweburgh', '31414-7219' );
INSERT INTO ENDERECO(ID, RUA, BAIRRO, CIDADE, CEP) VALUES (16, 'Kelvin Crossroad', 'North Emilio', 'South Malachiville', '49463-6121' );
INSERT INTO ENDERECO(ID, RUA, BAIRRO, CIDADE, CEP) VALUES (17, 'Raven Freeway', 'South Karenton', 'Lake Novellaview', '20076-2290' );
INSERT INTO ENDERECO(ID, RUA, BAIRRO, CIDADE, CEP) VALUES (18, 'Alessandro Knoll', 'Bergeshire', 'East Ethantown', '97844-2933' );
INSERT INTO ENDERECO(ID, RUA, BAIRRO, CIDADE, CEP) VALUES (19, 'Emmerich Court', 'Hymanfort', 'West Caraberg', '50506' );
INSERT INTO TELEFONE(ID, NUMERO) VALUES (0, '1-496-098-4654 x1228');
INSERT INTO TELEFONE(ID, NUMERO) VALUES (1, '1-010-660-7659');
INSERT INTO TELEFONE(ID, NUMERO) VALUES (2, '(806) 393-7339 x96497');
INSERT INTO TELEFONE(ID, NUMERO) VALUES (3, '166.293.2278 x714');
INSERT INTO TELEFONE(ID, NUMERO) VALUES (4, '981.458.0349');
INSERT INTO TELEFONE(ID, NUMERO) VALUES (5, '(516) 038-7317 x32657');
INSERT INTO TELEFONE(ID, NUMERO) VALUES (6, '(025) 920-1374 x5475');
INSERT INTO TELEFONE(ID, NUMERO) VALUES (7, '227-956-3219');
INSERT INTO TELEFONE(ID, NUMERO) VALUES (8, '1-670-750-9586 x129');
INSERT INTO TELEFONE(ID, NUMERO) VALUES (9, '1-297-523-6825 x795');
INSERT INTO TELEFONE(ID, NUMERO) VALUES (10, '054.495.7991');
INSERT INTO TELEFONE(ID, NUMERO) VALUES (11, '665-191-2442');
INSERT INTO TELEFONE(ID, NUMERO) VALUES (12, '(733) 667-2278 x2351');
INSERT INTO TELEFONE(ID, NUMERO) VALUES (13, '1-938-474-0358 x96804');
INSERT INTO TELEFONE(ID, NUMERO) VALUES (14, '(355) 786-5592');
INSERT INTO TELEFONE(ID, NUMERO) VALUES (15, '(690) 024-9787 x4812');
INSERT INTO TELEFONE(ID, NUMERO) VALUES (16, '1-027-951-4715 x31258');
INSERT INTO TELEFONE(ID, NUMERO) VALUES (17, '1-075-793-7645 x4844');
INSERT INTO TELEFONE(ID, NUMERO) VALUES (18, '(671) 690-8809');
INSERT INTO TELEFONE(ID, NUMERO) VALUES (19, '1-999-020-8276 x49804');
INSERT INTO AUTOR(ID, NOME, ENDERECO_ID, TELEFONE_ID)	VALUES (0, 'Yvette', 1, 11);
INSERT INTO AUTOR(ID, NOME, ENDERECO_ID, TELEFONE_ID)	VALUES (1, 'Jayne', 11, 18);
INSERT INTO AUTOR(ID, NOME, ENDERECO_ID, TELEFONE_ID)	VALUES (2, 'Margret', 3, 16);
INSERT INTO AUTOR(ID, NOME, ENDERECO_ID, TELEFONE_ID)	VALUES (3, 'Diego', 0, 2);
INSERT INTO AUTOR(ID, NOME, ENDERECO_ID, TELEFONE_ID)	VALUES (4, 'Oliver', 16, 13);
INSERT INTO AUTOR(ID, NOME, ENDERECO_ID, TELEFONE_ID)	VALUES (5, 'Cayla', 19, 9);
INSERT INTO AUTOR(ID, NOME, ENDERECO_ID, TELEFONE_ID)	VALUES (6, 'Nettie', 9, 12);
INSERT INTO AUTOR(ID, NOME, ENDERECO_ID, TELEFONE_ID)	VALUES (7, 'Otto', 3, 5);
INSERT INTO AUTOR(ID, NOME, ENDERECO_ID, TELEFONE_ID)	VALUES (8, 'Sean', 18, 2);
INSERT INTO AUTOR(ID, NOME, ENDERECO_ID, TELEFONE_ID)	VALUES (9, 'Ebba', 7, 6);
INSERT INTO AUTOR(ID, NOME, ENDERECO_ID, TELEFONE_ID)	VALUES (10, 'Beatrice', 17, 5);
INSERT INTO AUTOR(ID, NOME, ENDERECO_ID, TELEFONE_ID)	VALUES (11, 'Darlene', 1, 8);
INSERT INTO AUTOR(ID, NOME, ENDERECO_ID, TELEFONE_ID)	VALUES (12, 'Bernadette', 19, 1);
INSERT INTO AUTOR(ID, NOME, ENDERECO_ID, TELEFONE_ID)	VALUES (13, 'Marlee', 5, 8);
INSERT INTO AUTOR(ID, NOME, ENDERECO_ID, TELEFONE_ID)	VALUES (14, 'Hillard', 6, 1);
INSERT INTO AUTOR(ID, NOME, ENDERECO_ID, TELEFONE_ID)	VALUES (15, 'Roselyn', 12, 9);
INSERT INTO AUTOR(ID, NOME, ENDERECO_ID, TELEFONE_ID)	VALUES (16, 'Deshaun', 18, 15);
INSERT INTO AUTOR(ID, NOME, ENDERECO_ID, TELEFONE_ID)	VALUES (17, 'Derick', 1, 2);
INSERT INTO AUTOR(ID, NOME, ENDERECO_ID, TELEFONE_ID)	VALUES (18, 'Broderick', 1, 12);
INSERT INTO AUTOR(ID, NOME, ENDERECO_ID, TELEFONE_ID)	VALUES (19, 'Libby', 6, 14);
INSERT INTO EDITORA(ID, CNPJ_EDITORA, NOME, ENDERECO_ID, TELEFONE_ID) VALUES (0, '5039', 'Eleonore', 8, 17);
INSERT INTO EDITORA(ID, CNPJ_EDITORA, NOME, ENDERECO_ID, TELEFONE_ID) VALUES (1, '8293', 'Chandler', 13, 17);
INSERT INTO EDITORA(ID, CNPJ_EDITORA, NOME, ENDERECO_ID, TELEFONE_ID) VALUES (2, '4056', 'Gertrude', 18, 9);
INSERT INTO EDITORA(ID, CNPJ_EDITORA, NOME, ENDERECO_ID, TELEFONE_ID) VALUES (3, '6860', 'Elenora', 8, 11);
INSERT INTO EDITORA(ID, CNPJ_EDITORA, NOME, ENDERECO_ID, TELEFONE_ID) VALUES (4, '5823', 'Nat', 14, 7);
INSERT INTO EDITORA(ID, CNPJ_EDITORA, NOME, ENDERECO_ID, TELEFONE_ID) VALUES (5, '9293', 'Monte', 2, 4);
INSERT INTO EDITORA(ID, CNPJ_EDITORA, NOME, ENDERECO_ID, TELEFONE_ID) VALUES (6, '8412', 'Ayla', 15, 2);
INSERT INTO EDITORA(ID, CNPJ_EDITORA, NOME, ENDERECO_ID, TELEFONE_ID) VALUES (7, '8000', 'Vilma', 6, 6);
INSERT INTO EDITORA(ID, CNPJ_EDITORA, NOME, ENDERECO_ID, TELEFONE_ID) VALUES (8, '5060', 'Jevon', 3, 8);
INSERT INTO EDITORA(ID, CNPJ_EDITORA, NOME, ENDERECO_ID, TELEFONE_ID) VALUES (9, '5453', 'Whitney', 16, 13);
INSERT INTO EDITORA(ID, CNPJ_EDITORA, NOME, ENDERECO_ID, TELEFONE_ID) VALUES (10, '7096', 'Kale', 0, 12);
INSERT INTO EDITORA(ID, CNPJ_EDITORA, NOME, ENDERECO_ID, TELEFONE_ID) VALUES (11, '1197', 'Genesis', 11, 7);
INSERT INTO EDITORA(ID, CNPJ_EDITORA, NOME, ENDERECO_ID, TELEFONE_ID) VALUES (12, '9650', 'Zelda', 19, 11);
INSERT INTO EDITORA(ID, CNPJ_EDITORA, NOME, ENDERECO_ID, TELEFONE_ID) VALUES (13, '3320', 'Muriel', 11, 4);
INSERT INTO EDITORA(ID, CNPJ_EDITORA, NOME, ENDERECO_ID, TELEFONE_ID) VALUES (14, '9477', 'Eulalia', 17, 7);
INSERT INTO EDITORA(ID, CNPJ_EDITORA, NOME, ENDERECO_ID, TELEFONE_ID) VALUES (15, '5512', 'Aurelie', 8, 9);
INSERT INTO EDITORA(ID, CNPJ_EDITORA, NOME, ENDERECO_ID, TELEFONE_ID) VALUES (16, '9754', 'Skyla', 10, 12);
INSERT INTO EDITORA(ID, CNPJ_EDITORA, NOME, ENDERECO_ID, TELEFONE_ID) VALUES (17, '4258', 'Annamarie', 7, 6);
INSERT INTO EDITORA(ID, CNPJ_EDITORA, NOME, ENDERECO_ID, TELEFONE_ID) VALUES (18, '8227', 'Yadira', 13, 9);
INSERT INTO EDITORA(ID, CNPJ_EDITORA, NOME, ENDERECO_ID, TELEFONE_ID) VALUES (19, '3309', 'Judge', 10, 5);
INSERT INTO GENERO (ID, GENERO) VALUES (0, 'Accounts');
INSERT INTO GENERO (ID, GENERO) VALUES (1, 'Division');
INSERT INTO GENERO (ID, GENERO) VALUES (2, 'Communications');
INSERT INTO GENERO (ID, GENERO) VALUES (3, 'Configuration');
INSERT INTO GENERO (ID, GENERO) VALUES (4, 'Implementation');
INSERT INTO GENERO (ID, GENERO) VALUES (5, 'Metrics');
INSERT INTO GENERO (ID, GENERO) VALUES (6, 'Functionality');
INSERT INTO GENERO (ID, GENERO) VALUES (7, 'Brand');
INSERT INTO GENERO (ID, GENERO) VALUES (8, 'Metrics');
INSERT INTO GENERO (ID, GENERO) VALUES (9, 'Functionality');
INSERT INTO GENERO (ID, GENERO) VALUES (10, 'Directives');
INSERT INTO GENERO (ID, GENERO) VALUES (11, 'Applications');
INSERT INTO GENERO (ID, GENERO) VALUES (12, 'Metrics');
INSERT INTO GENERO (ID, GENERO) VALUES (13, 'Quality');
INSERT INTO GENERO (ID, GENERO) VALUES (14, 'Division');
INSERT INTO GENERO (ID, GENERO) VALUES (15, 'Metrics');
INSERT INTO GENERO (ID, GENERO) VALUES (16, 'Integration');
INSERT INTO GENERO (ID, GENERO) VALUES (17, 'Factors');
INSERT INTO GENERO (ID, GENERO) VALUES (18, 'Mobility');
INSERT INTO GENERO (ID, GENERO) VALUES (19, 'Communications');
INSERT INTO USUARIO (ID, NOME, LOGIN, PASSWORD, ENDERECO_ID, TELEFONE_ID) VALUES (0, 'Keeley Volkman', 'Alena46', 'tk1OIN7U5qdA5lr', 3, 13);
INSERT INTO USUARIO (ID, NOME, LOGIN, PASSWORD, ENDERECO_ID, TELEFONE_ID) VALUES (1, 'Karlee Bogan', 'Brionna.Rodriguez', 'uzDUUzcU3Pj04_W', 19, 13);
INSERT INTO USUARIO (ID, NOME, LOGIN, PASSWORD, ENDERECO_ID, TELEFONE_ID) VALUES (2, 'Gabrielle Gottlieb', 'Maynard.Zulauf', 'ACuOhvgU73mwTkS', 13, 11);
INSERT INTO USUARIO (ID, NOME, LOGIN, PASSWORD, ENDERECO_ID, TELEFONE_ID) VALUES (3, 'Bernadette Ruecker', 'Dejah_McClure76', 'YREqYrewP_9CpsI', 11, 4);
INSERT INTO USUARIO (ID, NOME, LOGIN, PASSWORD, ENDERECO_ID, TELEFONE_ID) VALUES (4, 'Frankie Kilback', 'Laurine_Leannon', 'M4ZP2fXViSyqNLv', 1, 17);
INSERT INTO USUARIO (ID, NOME, LOGIN, PASSWORD, ENDERECO_ID, TELEFONE_ID) VALUES (5, 'Kobe Schulist', 'Eric61', 'xlUZtG1fgKVjaf0', 14, 6);
INSERT INTO USUARIO (ID, NOME, LOGIN, PASSWORD, ENDERECO_ID, TELEFONE_ID) VALUES (6, 'Coleman Swift', 'Fred_Hagenes', 'NNIH5yNJRRZzeje', 17, 11);
INSERT INTO USUARIO (ID, NOME, LOGIN, PASSWORD, ENDERECO_ID, TELEFONE_ID) VALUES (7, 'Scarlett Senger', 'Felix.Goodwin45', 'LB0U_JicZBlVX8G', 10, 8);
INSERT INTO USUARIO (ID, NOME, LOGIN, PASSWORD, ENDERECO_ID, TELEFONE_ID) VALUES (8, 'Henry Treutel', 'Kennith_Mohr', 'z_AqKfwLEnAlGMW', 5, 0);
INSERT INTO USUARIO (ID, NOME, LOGIN, PASSWORD, ENDERECO_ID, TELEFONE_ID) VALUES (9, 'Skye Beahan', 'Aditya_Gulgowski48', 'wSL6pnc5LCy6sj6', 12, 19);
INSERT INTO USUARIO (ID, NOME, LOGIN, PASSWORD, ENDERECO_ID, TELEFONE_ID) VALUES (10, 'Jon Borer', 'Ambrose_Friesen', 'GogDaaJwOH0hZ2r', 11, 14);
INSERT INTO USUARIO (ID, NOME, LOGIN, PASSWORD, ENDERECO_ID, TELEFONE_ID) VALUES (11, 'Anya Jones', 'Jacklyn73', '4zPOTdsfEkoR2qf', 2, 2);
INSERT INTO USUARIO (ID, NOME, LOGIN, PASSWORD, ENDERECO_ID, TELEFONE_ID) VALUES (12, 'Jayne Ritchie', 'Dina.Quigley15', '4Xrsx9RXMnP3lQh', 14, 8);
INSERT INTO USUARIO (ID, NOME, LOGIN, PASSWORD, ENDERECO_ID, TELEFONE_ID) VALUES (13, 'Jamar Schmitt', 'Kole_Conn', '9RO3ok5KWd5tLYd', 15, 19);
INSERT INTO USUARIO (ID, NOME, LOGIN, PASSWORD, ENDERECO_ID, TELEFONE_ID) VALUES (14, 'Rosalinda Leffler', 'Magdalen29', 'kHqwCfaI_Yqag2Y', 0, 16);
INSERT INTO USUARIO (ID, NOME, LOGIN, PASSWORD, ENDERECO_ID, TELEFONE_ID) VALUES (15, 'Lempi O'Kon', 'Lucious.Leffler', 'JdnP1OPi9MXQrYe', 11, 18);
INSERT INTO USUARIO (ID, NOME, LOGIN, PASSWORD, ENDERECO_ID, TELEFONE_ID) VALUES (16, 'Martin Greenfelder', 'Glennie.Schulist35', 'sSCnR5AXqqRZDL7', 16, 12);
INSERT INTO USUARIO (ID, NOME, LOGIN, PASSWORD, ENDERECO_ID, TELEFONE_ID) VALUES (17, 'Akeem Daugherty', 'Destiney_Mueller', 'OKTgWAYlzrdwC1f', 14, 16);
INSERT INTO USUARIO (ID, NOME, LOGIN, PASSWORD, ENDERECO_ID, TELEFONE_ID) VALUES (18, 'Freeda Schaefer', 'Kiara12', 'JL_m0pj5kILCBNx', 10, 0);
INSERT INTO USUARIO (ID, NOME, LOGIN, PASSWORD, ENDERECO_ID, TELEFONE_ID) VALUES (19, 'Zane Bernhard', 'Max.Marvin', 'kbBVbsafr9HpE45', 12, 11);
INSERT INTO LIVRO (ID, TITULO, EXEMPLAR, USUARIO_ID, AUTOR_ID, EDITORA_ID, GENERO_ID) VALUES (0, 'Corporate Assurance Producer', 1, 16, 19, 18, 7);
INSERT INTO LIVRO (ID, TITULO, EXEMPLAR, USUARIO_ID, AUTOR_ID, EDITORA_ID, GENERO_ID) VALUES (1, 'District Operations Coordinator', 2, 7, 19, 2, 12);
INSERT INTO LIVRO (ID, TITULO, EXEMPLAR, USUARIO_ID, AUTOR_ID, EDITORA_ID, GENERO_ID) VALUES (2, 'Human Paradigm Director', 3, 11, 18, 16, 10);
INSERT INTO LIVRO (ID, TITULO, EXEMPLAR, USUARIO_ID, AUTOR_ID, EDITORA_ID, GENERO_ID) VALUES (3, 'Dynamic Optimization Liaison', 4, 9, 18, 16, 10);
INSERT INTO LIVRO (ID, TITULO, EXEMPLAR, USUARIO_ID, AUTOR_ID, EDITORA_ID, GENERO_ID) VALUES (4, 'Lead Configuration Representative', 5, 1, 19, 2, 16);
INSERT INTO LIVRO (ID, TITULO, EXEMPLAR, USUARIO_ID, AUTOR_ID, EDITORA_ID, GENERO_ID) VALUES (5, 'Senior Functionality Agent', 6, 16, 8, 0, 6);
INSERT INTO LIVRO (ID, TITULO, EXEMPLAR, USUARIO_ID, AUTOR_ID, EDITORA_ID, GENERO_ID) VALUES (6, 'Investor Tactics Designer', 7, 17, 7, 6, 3);
INSERT INTO LIVRO (ID, TITULO, EXEMPLAR, USUARIO_ID, AUTOR_ID, EDITORA_ID, GENERO_ID) VALUES (7, 'Customer Usability Technician', 8, 18, 16, 3, 13);
INSERT INTO LIVRO (ID, TITULO, EXEMPLAR, USUARIO_ID, AUTOR_ID, EDITORA_ID, GENERO_ID) VALUES (8, 'Regional Intranet Orchestrator', 9, 19, 17, 10, 2);
INSERT INTO LIVRO (ID, TITULO, EXEMPLAR, USUARIO_ID, AUTOR_ID, EDITORA_ID, GENERO_ID) VALUES (9, 'Direct Branding Director', 10, 16, 13, 17, 0);
INSERT INTO LIVRO (ID, TITULO, EXEMPLAR, USUARIO_ID, AUTOR_ID, EDITORA_ID, GENERO_ID) VALUES (10, 'Dynamic Functionality Analyst', 11, 1, 8, 18, 18);
INSERT INTO LIVRO (ID, TITULO, EXEMPLAR, USUARIO_ID, AUTOR_ID, EDITORA_ID, GENERO_ID) VALUES (11, 'International Markets Engineer', 12, 10, 7, 17, 5);
INSERT INTO LIVRO (ID, TITULO, EXEMPLAR, USUARIO_ID, AUTOR_ID, EDITORA_ID, GENERO_ID) VALUES (12, 'Global Functionality Agent', 13, 12, 13, 1, 13);
INSERT INTO LIVRO (ID, TITULO, EXEMPLAR, USUARIO_ID, AUTOR_ID, EDITORA_ID, GENERO_ID) VALUES (13, 'Lead Quality Supervisor', 14, 3, 19, 7, 8);
INSERT INTO LIVRO (ID, TITULO, EXEMPLAR, USUARIO_ID, AUTOR_ID, EDITORA_ID, GENERO_ID) VALUES (14, 'Central Operations Associate', 15, 3, 8, 0, 11);
INSERT INTO LIVRO (ID, TITULO, EXEMPLAR, USUARIO_ID, AUTOR_ID, EDITORA_ID, GENERO_ID) VALUES (15, 'Central Response Producer', 16, 17, 13, 13, 11);
INSERT INTO LIVRO (ID, TITULO, EXEMPLAR, USUARIO_ID, AUTOR_ID, EDITORA_ID, GENERO_ID) VALUES (16, 'Legacy Solutions Consultant', 17, 14, 2, 3, 15);
INSERT INTO LIVRO (ID, TITULO, EXEMPLAR, USUARIO_ID, AUTOR_ID, EDITORA_ID, GENERO_ID) VALUES (17, 'Chief Paradigm Technician', 18, 3, 19, 8, 10);
INSERT INTO LIVRO (ID, TITULO, EXEMPLAR, USUARIO_ID, AUTOR_ID, EDITORA_ID, GENERO_ID) VALUES (18, 'Global Identity Manager', 19, 1, 11, 7, 11);
INSERT INTO LIVRO (ID, TITULO, EXEMPLAR, USUARIO_ID, AUTOR_ID, EDITORA_ID, GENERO_ID) VALUES (19, 'Customer Marketing Developer', 20, 8, 18, 18, 14);
INSERT INTO GENERO_LIVRO (ID, LIVRO_ID, GENERO_ID) VALUES (0, 0, 2);
INSERT INTO GENERO_LIVRO (ID, LIVRO_ID, GENERO_ID) VALUES (1, 0, 4);
INSERT INTO GENERO_LIVRO (ID, LIVRO_ID, GENERO_ID) VALUES (2, 1, 4);
INSERT INTO GENERO_LIVRO (ID, LIVRO_ID, GENERO_ID) VALUES (3, 1, 11);
INSERT INTO GENERO_LIVRO (ID, LIVRO_ID, GENERO_ID) VALUES (4, 2, 14);
INSERT INTO GENERO_LIVRO (ID, LIVRO_ID, GENERO_ID) VALUES (5, 2, 16);
INSERT INTO GENERO_LIVRO (ID, LIVRO_ID, GENERO_ID) VALUES (6, 3, 7);
INSERT INTO GENERO_LIVRO (ID, LIVRO_ID, GENERO_ID) VALUES (7, 3, 5);
INSERT INTO GENERO_LIVRO (ID, LIVRO_ID, GENERO_ID) VALUES (8, 4, 19);
INSERT INTO GENERO_LIVRO (ID, LIVRO_ID, GENERO_ID) VALUES (9, 4, 14);
INSERT INTO GENERO_LIVRO (ID, LIVRO_ID, GENERO_ID) VALUES (10, 5, 15);
INSERT INTO GENERO_LIVRO (ID, LIVRO_ID, GENERO_ID) VALUES (11, 5, 12);
INSERT INTO GENERO_LIVRO (ID, LIVRO_ID, GENERO_ID) VALUES (12, 6, 5);
INSERT INTO GENERO_LIVRO (ID, LIVRO_ID, GENERO_ID) VALUES (13, 6, 14);
INSERT INTO GENERO_LIVRO (ID, LIVRO_ID, GENERO_ID) VALUES (14, 7, 14);
INSERT INTO GENERO_LIVRO (ID, LIVRO_ID, GENERO_ID) VALUES (15, 7, 11);
INSERT INTO GENERO_LIVRO (ID, LIVRO_ID, GENERO_ID) VALUES (16, 8, 11);
INSERT INTO GENERO_LIVRO (ID, LIVRO_ID, GENERO_ID) VALUES (17, 8, 0);
INSERT INTO GENERO_LIVRO (ID, LIVRO_ID, GENERO_ID) VALUES (18, 9, 11);
INSERT INTO GENERO_LIVRO (ID, LIVRO_ID, GENERO_ID) VALUES (19, 9, 11);
INSERT INTO GENERO_LIVRO (ID, LIVRO_ID, GENERO_ID) VALUES (20, 10, 19);
INSERT INTO GENERO_LIVRO (ID, LIVRO_ID, GENERO_ID) VALUES (21, 10, 19);
INSERT INTO GENERO_LIVRO (ID, LIVRO_ID, GENERO_ID) VALUES (22, 11, 11);
INSERT INTO GENERO_LIVRO (ID, LIVRO_ID, GENERO_ID) VALUES (23, 11, 1);
INSERT INTO GENERO_LIVRO (ID, LIVRO_ID, GENERO_ID) VALUES (24, 12, 10);
INSERT INTO GENERO_LIVRO (ID, LIVRO_ID, GENERO_ID) VALUES (25, 12, 18);
INSERT INTO GENERO_LIVRO (ID, LIVRO_ID, GENERO_ID) VALUES (26, 13, 15);
INSERT INTO GENERO_LIVRO (ID, LIVRO_ID, GENERO_ID) VALUES (27, 13, 0);
INSERT INTO GENERO_LIVRO (ID, LIVRO_ID, GENERO_ID) VALUES (28, 14, 11);
INSERT INTO GENERO_LIVRO (ID, LIVRO_ID, GENERO_ID) VALUES (29, 14, 5);
INSERT INTO GENERO_LIVRO (ID, LIVRO_ID, GENERO_ID) VALUES (30, 15, 6);
INSERT INTO GENERO_LIVRO (ID, LIVRO_ID, GENERO_ID) VALUES (31, 15, 13);
INSERT INTO GENERO_LIVRO (ID, LIVRO_ID, GENERO_ID) VALUES (32, 16, 19);
INSERT INTO GENERO_LIVRO (ID, LIVRO_ID, GENERO_ID) VALUES (33, 16, 4);
INSERT INTO GENERO_LIVRO (ID, LIVRO_ID, GENERO_ID) VALUES (34, 17, 15);
INSERT INTO GENERO_LIVRO (ID, LIVRO_ID, GENERO_ID) VALUES (35, 17, 6);
INSERT INTO GENERO_LIVRO (ID, LIVRO_ID, GENERO_ID) VALUES (36, 18, 16);
INSERT INTO GENERO_LIVRO (ID, LIVRO_ID, GENERO_ID) VALUES (37, 18, 17);
INSERT INTO GENERO_LIVRO (ID, LIVRO_ID, GENERO_ID) VALUES (38, 19, 13);
INSERT INTO GENERO_LIVRO (ID, LIVRO_ID, GENERO_ID) VALUES (39, 19, 7);
INSERT INTO GENERO_USUARIO (ID, USUARIO_ID, GENERO_ID) VALUES (0, 0, 3);
INSERT INTO GENERO_USUARIO (ID, USUARIO_ID, GENERO_ID) VALUES (1, 0, 16);
INSERT INTO GENERO_USUARIO (ID, USUARIO_ID, GENERO_ID) VALUES (2, 1, 17);
INSERT INTO GENERO_USUARIO (ID, USUARIO_ID, GENERO_ID) VALUES (3, 1, 0);
INSERT INTO GENERO_USUARIO (ID, USUARIO_ID, GENERO_ID) VALUES (4, 2, 1);
INSERT INTO GENERO_USUARIO (ID, USUARIO_ID, GENERO_ID) VALUES (5, 2, 1);
INSERT INTO GENERO_USUARIO (ID, USUARIO_ID, GENERO_ID) VALUES (6, 3, 9);
INSERT INTO GENERO_USUARIO (ID, USUARIO_ID, GENERO_ID) VALUES (7, 3, 9);
INSERT INTO GENERO_USUARIO (ID, USUARIO_ID, GENERO_ID) VALUES (8, 4, 0);
INSERT INTO GENERO_USUARIO (ID, USUARIO_ID, GENERO_ID) VALUES (9, 4, 3);
INSERT INTO GENERO_USUARIO (ID, USUARIO_ID, GENERO_ID) VALUES (10, 5, 17);
INSERT INTO GENERO_USUARIO (ID, USUARIO_ID, GENERO_ID) VALUES (11, 5, 5);
INSERT INTO GENERO_USUARIO (ID, USUARIO_ID, GENERO_ID) VALUES (12, 6, 17);
INSERT INTO GENERO_USUARIO (ID, USUARIO_ID, GENERO_ID) VALUES (13, 6, 14);
INSERT INTO GENERO_USUARIO (ID, USUARIO_ID, GENERO_ID) VALUES (14, 7, 17);
INSERT INTO GENERO_USUARIO (ID, USUARIO_ID, GENERO_ID) VALUES (15, 7, 6);
INSERT INTO GENERO_USUARIO (ID, USUARIO_ID, GENERO_ID) VALUES (16, 8, 14);
INSERT INTO GENERO_USUARIO (ID, USUARIO_ID, GENERO_ID) VALUES (17, 8, 7);
INSERT INTO GENERO_USUARIO (ID, USUARIO_ID, GENERO_ID) VALUES (18, 9, 9);
INSERT INTO GENERO_USUARIO (ID, USUARIO_ID, GENERO_ID) VALUES (19, 9, 10);
INSERT INTO GENERO_USUARIO (ID, USUARIO_ID, GENERO_ID) VALUES (20, 10, 0);
INSERT INTO GENERO_USUARIO (ID, USUARIO_ID, GENERO_ID) VALUES (21, 10, 12);
INSERT INTO GENERO_USUARIO (ID, USUARIO_ID, GENERO_ID) VALUES (22, 11, 10);
INSERT INTO GENERO_USUARIO (ID, USUARIO_ID, GENERO_ID) VALUES (23, 11, 7);
INSERT INTO GENERO_USUARIO (ID, USUARIO_ID, GENERO_ID) VALUES (24, 12, 14);
INSERT INTO GENERO_USUARIO (ID, USUARIO_ID, GENERO_ID) VALUES (25, 12, 8);
INSERT INTO GENERO_USUARIO (ID, USUARIO_ID, GENERO_ID) VALUES (26, 13, 6);
INSERT INTO GENERO_USUARIO (ID, USUARIO_ID, GENERO_ID) VALUES (27, 13, 8);
INSERT INTO GENERO_USUARIO (ID, USUARIO_ID, GENERO_ID) VALUES (28, 14, 8);
INSERT INTO GENERO_USUARIO (ID, USUARIO_ID, GENERO_ID) VALUES (29, 14, 3);
INSERT INTO GENERO_USUARIO (ID, USUARIO_ID, GENERO_ID) VALUES (30, 15, 2);
INSERT INTO GENERO_USUARIO (ID, USUARIO_ID, GENERO_ID) VALUES (31, 15, 3);
INSERT INTO GENERO_USUARIO (ID, USUARIO_ID, GENERO_ID) VALUES (32, 16, 5);
INSERT INTO GENERO_USUARIO (ID, USUARIO_ID, GENERO_ID) VALUES (33, 16, 10);
INSERT INTO GENERO_USUARIO (ID, USUARIO_ID, GENERO_ID) VALUES (34, 17, 9);
INSERT INTO GENERO_USUARIO (ID, USUARIO_ID, GENERO_ID) VALUES (35, 17, 0);
INSERT INTO GENERO_USUARIO (ID, USUARIO_ID, GENERO_ID) VALUES (36, 18, 11);
INSERT INTO GENERO_USUARIO (ID, USUARIO_ID, GENERO_ID) VALUES (37, 18, 8);
INSERT INTO GENERO_USUARIO (ID, USUARIO_ID, GENERO_ID) VALUES (38, 19, 7);
INSERT INTO GENERO_USUARIO (ID, USUARIO_ID, GENERO_ID) VALUES (39, 19, 13);
INSERT INTO GENERO_USUARIO (ID, USUARIO_ID, GENERO_ID) VALUES (0, 0, 6);
INSERT INTO GENERO_USUARIO (ID, USUARIO_ID, GENERO_ID) VALUES (1, 0, 10);
INSERT INTO GENERO_USUARIO (ID, USUARIO_ID, GENERO_ID) VALUES (2, 1, 10);
INSERT INTO GENERO_USUARIO (ID, USUARIO_ID, GENERO_ID) VALUES (3, 1, 1);
INSERT INTO GENERO_USUARIO (ID, USUARIO_ID, GENERO_ID) VALUES (4, 2, 18);
INSERT INTO GENERO_USUARIO (ID, USUARIO_ID, GENERO_ID) VALUES (5, 2, 16);
INSERT INTO GENERO_USUARIO (ID, USUARIO_ID, GENERO_ID) VALUES (6, 3, 9);
INSERT INTO GENERO_USUARIO (ID, USUARIO_ID, GENERO_ID) VALUES (7, 3, 19);
INSERT INTO GENERO_USUARIO (ID, USUARIO_ID, GENERO_ID) VALUES (8, 4, 2);
INSERT INTO GENERO_USUARIO (ID, USUARIO_ID, GENERO_ID) VALUES (9, 4, 1);
INSERT INTO GENERO_USUARIO (ID, USUARIO_ID, GENERO_ID) VALUES (10, 5, 1);
INSERT INTO GENERO_USUARIO (ID, USUARIO_ID, GENERO_ID) VALUES (11, 5, 5);
INSERT INTO GENERO_USUARIO (ID, USUARIO_ID, GENERO_ID) VALUES (12, 6, 5);
INSERT INTO GENERO_USUARIO (ID, USUARIO_ID, GENERO_ID) VALUES (13, 6, 9);
INSERT INTO GENERO_USUARIO (ID, USUARIO_ID, GENERO_ID) VALUES (14, 7, 14);
INSERT INTO GENERO_USUARIO (ID, USUARIO_ID, GENERO_ID) VALUES (15, 7, 6);
INSERT INTO GENERO_USUARIO (ID, USUARIO_ID, GENERO_ID) VALUES (16, 8, 13);
INSERT INTO GENERO_USUARIO (ID, USUARIO_ID, GENERO_ID) VALUES (17, 8, 6);
INSERT INTO GENERO_USUARIO (ID, USUARIO_ID, GENERO_ID) VALUES (18, 9, 10);
INSERT INTO GENERO_USUARIO (ID, USUARIO_ID, GENERO_ID) VALUES (19, 9, 4);
INSERT INTO GENERO_USUARIO (ID, USUARIO_ID, GENERO_ID) VALUES (20, 10, 3);
INSERT INTO GENERO_USUARIO (ID, USUARIO_ID, GENERO_ID) VALUES (21, 10, 8);
INSERT INTO GENERO_USUARIO (ID, USUARIO_ID, GENERO_ID) VALUES (22, 11, 12);
INSERT INTO GENERO_USUARIO (ID, USUARIO_ID, GENERO_ID) VALUES (23, 11, 10);
INSERT INTO GENERO_USUARIO (ID, USUARIO_ID, GENERO_ID) VALUES (24, 12, 14);
INSERT INTO GENERO_USUARIO (ID, USUARIO_ID, GENERO_ID) VALUES (25, 12, 18);
INSERT INTO GENERO_USUARIO (ID, USUARIO_ID, GENERO_ID) VALUES (26, 13, 8);
INSERT INTO GENERO_USUARIO (ID, USUARIO_ID, GENERO_ID) VALUES (27, 13, 6);
INSERT INTO GENERO_USUARIO (ID, USUARIO_ID, GENERO_ID) VALUES (28, 14, 4);
INSERT INTO GENERO_USUARIO (ID, USUARIO_ID, GENERO_ID) VALUES (29, 14, 8);
INSERT INTO GENERO_USUARIO (ID, USUARIO_ID, GENERO_ID) VALUES (30, 15, 19);
INSERT INTO GENERO_USUARIO (ID, USUARIO_ID, GENERO_ID) VALUES (31, 15, 8);
INSERT INTO GENERO_USUARIO (ID, USUARIO_ID, GENERO_ID) VALUES (32, 16, 2);
INSERT INTO GENERO_USUARIO (ID, USUARIO_ID, GENERO_ID) VALUES (33, 16, 19);
INSERT INTO GENERO_USUARIO (ID, USUARIO_ID, GENERO_ID) VALUES (34, 17, 5);
INSERT INTO GENERO_USUARIO (ID, USUARIO_ID, GENERO_ID) VALUES (35, 17, 12);
INSERT INTO GENERO_USUARIO (ID, USUARIO_ID, GENERO_ID) VALUES (36, 18, 16);
INSERT INTO GENERO_USUARIO (ID, USUARIO_ID, GENERO_ID) VALUES (37, 18, 6);
INSERT INTO GENERO_USUARIO (ID, USUARIO_ID, GENERO_ID) VALUES (38, 19, 2);
INSERT INTO GENERO_USUARIO (ID, USUARIO_ID, GENERO_ID) VALUES (39, 19, 12);
