INSERT INTO ENDERECO(ID, RUA, BAIRRO, CIDADE, CEP) VALUES (0, 'Ola Lock', 'Lake Dale', 'Schambergershire', '04496-7424' );
INSERT INTO ENDERECO(ID, RUA, BAIRRO, CIDADE, CEP) VALUES (1, 'Devonte Drive', 'Kohlermouth', 'Port Skylaville', '56532' );
INSERT INTO ENDERECO(ID, RUA, BAIRRO, CIDADE, CEP) VALUES (2, 'Rene Forest', 'Port Virginia', 'West Daytonview', '85506-5089' );
INSERT INTO ENDERECO(ID, RUA, BAIRRO, CIDADE, CEP) VALUES (3, 'Bode Canyon', 'West Rossieberg', 'Kunzehaven', '04434-5168' );
INSERT INTO ENDERECO(ID, RUA, BAIRRO, CIDADE, CEP) VALUES (4, 'Feeney Radial', 'East Juniorview', 'Ocieside', '00972-0377' );
INSERT INTO ENDERECO(ID, RUA, BAIRRO, CIDADE, CEP) VALUES (5, 'Davis Overpass', 'North Shaun', 'South Taylorburgh', '72601-6945' );
INSERT INTO ENDERECO(ID, RUA, BAIRRO, CIDADE, CEP) VALUES (6, 'Bonita Key', 'Melanyfurt', 'Hammesville', '93268' );
INSERT INTO ENDERECO(ID, RUA, BAIRRO, CIDADE, CEP) VALUES (7, 'Strosin Lights', 'Wittinghaven', 'New Devante', '62726' );
INSERT INTO ENDERECO(ID, RUA, BAIRRO, CIDADE, CEP) VALUES (8, 'Kerluke Stream', 'Lake Manuela', 'South Rigoberto', '24651-4520' );
INSERT INTO ENDERECO(ID, RUA, BAIRRO, CIDADE, CEP) VALUES (9, 'Lloyd Club', 'Shieldsfurt', 'East Ignatiusport', '89286' );
INSERT INTO ENDERECO(ID, RUA, BAIRRO, CIDADE, CEP) VALUES (10, 'O Reilly Point', 'South Robbieberg', 'Port Eldredfurt', '99643' );
INSERT INTO ENDERECO(ID, RUA, BAIRRO, CIDADE, CEP) VALUES (11, 'Kendall Turnpike', 'East Yadiraberg', 'West Hester', '35705' );
INSERT INTO ENDERECO(ID, RUA, BAIRRO, CIDADE, CEP) VALUES (12, 'Senger Mountain', 'Araceliton', 'Lynchview', '99892' );
INSERT INTO ENDERECO(ID, RUA, BAIRRO, CIDADE, CEP) VALUES (13, 'Mraz Ports', 'North Kale', 'Ernserstad', '04792-9309' );
INSERT INTO ENDERECO(ID, RUA, BAIRRO, CIDADE, CEP) VALUES (14, 'Arvid Coves', 'East Lindsey', 'Eichmannside', '11865-0089' );
INSERT INTO ENDERECO(ID, RUA, BAIRRO, CIDADE, CEP) VALUES (15, 'Boyle Streets', 'Prosaccoland', 'West Giovannaland', '96179' );
INSERT INTO ENDERECO(ID, RUA, BAIRRO, CIDADE, CEP) VALUES (16, 'Von Lodge', 'Kuhlmanville', 'Marvinborough', '59877-5762' );
INSERT INTO ENDERECO(ID, RUA, BAIRRO, CIDADE, CEP) VALUES (17, 'Darrel Road', 'Kathleenstad', 'North Maryammouth', '33040' );
INSERT INTO ENDERECO(ID, RUA, BAIRRO, CIDADE, CEP) VALUES (18, 'Douglas Gateway', 'West Pamela', 'Torphytown', '72654-6530' );
INSERT INTO ENDERECO(ID, RUA, BAIRRO, CIDADE, CEP) VALUES (19, 'Heidi Lane', 'Harberfort', 'Sashaton', '45537-5108' );
INSERT INTO TELEFONE(ID, NUMERO) VALUES (0, '006.756.0823');
INSERT INTO TELEFONE(ID, NUMERO) VALUES (1, '142-327-4313');
INSERT INTO TELEFONE(ID, NUMERO) VALUES (2, '1-895-749-2450 x1924');
INSERT INTO TELEFONE(ID, NUMERO) VALUES (3, '237.772.1884 x638');
INSERT INTO TELEFONE(ID, NUMERO) VALUES (4, '1-087-051-3709 x063');
INSERT INTO TELEFONE(ID, NUMERO) VALUES (5, '267-644-0101');
INSERT INTO TELEFONE(ID, NUMERO) VALUES (6, '1-444-139-4067');
INSERT INTO TELEFONE(ID, NUMERO) VALUES (7, '628-544-6227');
INSERT INTO TELEFONE(ID, NUMERO) VALUES (8, '278-947-4944 x33333');
INSERT INTO TELEFONE(ID, NUMERO) VALUES (9, '880-312-0216 x7222');
INSERT INTO TELEFONE(ID, NUMERO) VALUES (10, '1-750-135-2057');
INSERT INTO TELEFONE(ID, NUMERO) VALUES (11, '(466) 404-5323 x039');
INSERT INTO TELEFONE(ID, NUMERO) VALUES (12, '404.970.7638 x52959');
INSERT INTO TELEFONE(ID, NUMERO) VALUES (13, '102-189-9196 x669');
INSERT INTO TELEFONE(ID, NUMERO) VALUES (14, '177-650-5609');
INSERT INTO TELEFONE(ID, NUMERO) VALUES (15, '(624) 735-3153 x2689');
INSERT INTO TELEFONE(ID, NUMERO) VALUES (16, '1-462-037-6485');
INSERT INTO TELEFONE(ID, NUMERO) VALUES (17, '(424) 907-3758 x1292');
INSERT INTO TELEFONE(ID, NUMERO) VALUES (18, '1-075-832-5063 x03260');
INSERT INTO TELEFONE(ID, NUMERO) VALUES (19, '038.033.9465 x0148');
INSERT INTO AUTOR(ID, NOME)	VALUES (0, 'Pedro');
INSERT INTO AUTOR(ID, NOME)	VALUES (1, 'Jennings');
INSERT INTO AUTOR(ID, NOME)	VALUES (2, 'Aurore');
INSERT INTO AUTOR(ID, NOME)	VALUES (3, 'Viva');
INSERT INTO AUTOR(ID, NOME)	VALUES (4, 'Ryley');
INSERT INTO AUTOR(ID, NOME)	VALUES (5, 'Jesse');
INSERT INTO AUTOR(ID, NOME)	VALUES (6, 'Tad');
INSERT INTO AUTOR(ID, NOME)	VALUES (7, 'Penelope');
INSERT INTO AUTOR(ID, NOME)	VALUES (8, 'Rex');
INSERT INTO AUTOR(ID, NOME)	VALUES (9, 'Caroline');
INSERT INTO AUTOR(ID, NOME)	VALUES (10, 'Kiel');
INSERT INTO AUTOR(ID, NOME)	VALUES (11, 'Jaquelin');
INSERT INTO AUTOR(ID, NOME)	VALUES (12, 'Nils');
INSERT INTO AUTOR(ID, NOME)	VALUES (13, 'Florida');
INSERT INTO AUTOR(ID, NOME)	VALUES (14, 'Justen');
INSERT INTO AUTOR(ID, NOME)	VALUES (15, 'Deontae');
INSERT INTO AUTOR(ID, NOME)	VALUES (16, 'Effie');
INSERT INTO AUTOR(ID, NOME)	VALUES (17, 'Lawson');
INSERT INTO AUTOR(ID, NOME)	VALUES (18, 'Alyson');
INSERT INTO AUTOR(ID, NOME)	VALUES (19, 'Charlie');
INSERT INTO EDITORA(ID, NOME, CPNJ_EDITORA, ENDERECO_ID, TELEFONE_ID) VALUES (0, 'Crawford', '1263', 2, 18);
INSERT INTO EDITORA(ID, NOME, CPNJ_EDITORA, ENDERECO_ID, TELEFONE_ID) VALUES (1, 'Rosetta', '6702', 8, 4);
INSERT INTO EDITORA(ID, NOME, CPNJ_EDITORA, ENDERECO_ID, TELEFONE_ID) VALUES (2, 'Edd', '2945', 15, 0);
INSERT INTO EDITORA(ID, NOME, CPNJ_EDITORA, ENDERECO_ID, TELEFONE_ID) VALUES (3, 'Georgiana', '6825', 8, 10);
INSERT INTO EDITORA(ID, NOME, CPNJ_EDITORA, ENDERECO_ID, TELEFONE_ID) VALUES (4, 'Vallie', '8274', 16, 10);
INSERT INTO EDITORA(ID, NOME, CPNJ_EDITORA, ENDERECO_ID, TELEFONE_ID) VALUES (5, 'Tressa', '4515', 7, 7);
INSERT INTO EDITORA(ID, NOME, CPNJ_EDITORA, ENDERECO_ID, TELEFONE_ID) VALUES (6, 'Selmer', '5025', 11, 7);
INSERT INTO EDITORA(ID, NOME, CPNJ_EDITORA, ENDERECO_ID, TELEFONE_ID) VALUES (7, 'Charles', '7312', 19, 18);
INSERT INTO EDITORA(ID, NOME, CPNJ_EDITORA, ENDERECO_ID, TELEFONE_ID) VALUES (8, 'Halle', '1936', 17, 8);
INSERT INTO EDITORA(ID, NOME, CPNJ_EDITORA, ENDERECO_ID, TELEFONE_ID) VALUES (9, 'Lewis', '5508', 11, 19);
INSERT INTO EDITORA(ID, NOME, CPNJ_EDITORA, ENDERECO_ID, TELEFONE_ID) VALUES (10, 'Frederique', '8064', 2, 17);
INSERT INTO EDITORA(ID, NOME, CPNJ_EDITORA, ENDERECO_ID, TELEFONE_ID) VALUES (11, 'Marjorie', '2237', 10, 19);
INSERT INTO EDITORA(ID, NOME, CPNJ_EDITORA, ENDERECO_ID, TELEFONE_ID) VALUES (12, 'Keith', '1562', 13, 3);
INSERT INTO EDITORA(ID, NOME, CPNJ_EDITORA, ENDERECO_ID, TELEFONE_ID) VALUES (13, 'Raquel', '2811', 4, 17);
INSERT INTO EDITORA(ID, NOME, CPNJ_EDITORA, ENDERECO_ID, TELEFONE_ID) VALUES (14, 'Leta', '2415', 19, 5);
INSERT INTO EDITORA(ID, NOME, CPNJ_EDITORA, ENDERECO_ID, TELEFONE_ID) VALUES (15, 'Ruthe', '1730', 9, 1);
INSERT INTO EDITORA(ID, NOME, CPNJ_EDITORA, ENDERECO_ID, TELEFONE_ID) VALUES (16, 'Christina', '0356', 0, 18);
INSERT INTO EDITORA(ID, NOME, CPNJ_EDITORA, ENDERECO_ID, TELEFONE_ID) VALUES (17, 'Dasia', '0920', 20, 17);
INSERT INTO EDITORA(ID, NOME, CPNJ_EDITORA, ENDERECO_ID, TELEFONE_ID) VALUES (18, 'Eddie', '1113', 4, 0);
INSERT INTO EDITORA(ID, NOME, CPNJ_EDITORA, ENDERECO_ID, TELEFONE_ID) VALUES (19, 'Myrl', '2490', 9, 6);
INSERT INTO GENERO (ID, GENERO) VALUES (0, 'Usability');
INSERT INTO GENERO (ID, GENERO) VALUES (1, 'Program');
INSERT INTO GENERO (ID, GENERO) VALUES (2, 'Brand');
INSERT INTO GENERO (ID, GENERO) VALUES (3, 'Web');
INSERT INTO GENERO (ID, GENERO) VALUES (4, 'Accountability');
INSERT INTO GENERO (ID, GENERO) VALUES (5, 'Response');
INSERT INTO GENERO (ID, GENERO) VALUES (6, 'Data');
INSERT INTO GENERO (ID, GENERO) VALUES (7, 'Markets');
INSERT INTO GENERO (ID, GENERO) VALUES (8, 'Division');
INSERT INTO GENERO (ID, GENERO) VALUES (9, 'Solutions');
INSERT INTO GENERO (ID, GENERO) VALUES (10, 'Infrastructure');
INSERT INTO GENERO (ID, GENERO) VALUES (11, 'Mobility');
INSERT INTO GENERO (ID, GENERO) VALUES (12, 'Brand');
INSERT INTO GENERO (ID, GENERO) VALUES (13, 'Usability');
INSERT INTO GENERO (ID, GENERO) VALUES (14, 'Branding');
INSERT INTO GENERO (ID, GENERO) VALUES (15, 'Communications');
INSERT INTO GENERO (ID, GENERO) VALUES (16, 'Accounts');
INSERT INTO GENERO (ID, GENERO) VALUES (17, 'Functionality');
INSERT INTO GENERO (ID, GENERO) VALUES (18, 'Operations');
INSERT INTO GENERO (ID, GENERO) VALUES (19, 'Research');
INSERT INTO USUARIO (ID, NOME, LOGIN, PASSWORD, ENDERECO_ID, TELEFONE_ID) VALUES (0, 'Carmel', 'Blick', 'Micaela_Maggio', 'lieDLRvFXAuMsgB', 2, 8);
INSERT INTO USUARIO (ID, NOME, LOGIN, PASSWORD, ENDERECO_ID, TELEFONE_ID) VALUES (1, 'Dana', 'Fadel', 'Arden_Hodkiewicz', 'ULR8iyG4It1ldTt', 4, 1);
INSERT INTO USUARIO (ID, NOME, LOGIN, PASSWORD, ENDERECO_ID, TELEFONE_ID) VALUES (2, 'Fanny', 'Graham', 'Carole80', 'bJW4Fr1lDfEfxf4', 10, 6);
INSERT INTO USUARIO (ID, NOME, LOGIN, PASSWORD, ENDERECO_ID, TELEFONE_ID) VALUES (3, 'Lexi', 'Kautzer', 'Godfrey16', 'PfKRtNw34u15pqF', 5, 16);
INSERT INTO USUARIO (ID, NOME, LOGIN, PASSWORD, ENDERECO_ID, TELEFONE_ID) VALUES (4, 'Ivory', 'Bashirian', 'Delfina66', 'EuSIcKf2u7H0JFP', 13, 0);
INSERT INTO USUARIO (ID, NOME, LOGIN, PASSWORD, ENDERECO_ID, TELEFONE_ID) VALUES (5, 'Lula', 'Weimann', 'Delfina_Howe26', 'LjupsmKL_Qd10J3', 11, 1);
INSERT INTO USUARIO (ID, NOME, LOGIN, PASSWORD, ENDERECO_ID, TELEFONE_ID) VALUES (6, 'Nayeli', 'Hamill', 'Jairo.Goldner57', 'Qj0GAw42QQHQYGy', 11, 17);
INSERT INTO USUARIO (ID, NOME, LOGIN, PASSWORD, ENDERECO_ID, TELEFONE_ID) VALUES (7, 'Ashleigh', 'Towne', 'Dolly.Pagac', 'itdqho6dVxmWFQm', 19, 3);
INSERT INTO USUARIO (ID, NOME, LOGIN, PASSWORD, ENDERECO_ID, TELEFONE_ID) VALUES (8, 'Newton', 'Dare', 'Gunner9', 'UYKQdLyFaKl5lfZ', 4, 18);
INSERT INTO USUARIO (ID, NOME, LOGIN, PASSWORD, ENDERECO_ID, TELEFONE_ID) VALUES (9, 'Francis', 'Runte', 'Felicia.Waters', '9yV9sD8PjMKkJCe', 15, 3);
INSERT INTO USUARIO (ID, NOME, LOGIN, PASSWORD, ENDERECO_ID, TELEFONE_ID) VALUES (10, 'Westley', 'Hamill', 'Hailee_Ebert9', 'Bloc_I6Udn5a7lr', 0, 10);
INSERT INTO USUARIO (ID, NOME, LOGIN, PASSWORD, ENDERECO_ID, TELEFONE_ID) VALUES (11, 'Jabari', 'Mills', 'Omer_Swift', 'E7lR2U5H8ywyv6v', 8, 4);
INSERT INTO USUARIO (ID, NOME, LOGIN, PASSWORD, ENDERECO_ID, TELEFONE_ID) VALUES (12, 'Joseph', 'Quitzon', 'Eveline75', 'VeoEfbuJNJNuy0K', 5, 2);
INSERT INTO USUARIO (ID, NOME, LOGIN, PASSWORD, ENDERECO_ID, TELEFONE_ID) VALUES (13, 'Clifton', 'Labadie', 'Gus.Parker43', 'lCqOFbMeGVslija', 15, 12);
INSERT INTO USUARIO (ID, NOME, LOGIN, PASSWORD, ENDERECO_ID, TELEFONE_ID) VALUES (14, 'Neal', 'Nader', 'Damian.OKon27', 'bHsuqqUxQUfF6AT', 12, 20);
INSERT INTO USUARIO (ID, NOME, LOGIN, PASSWORD, ENDERECO_ID, TELEFONE_ID) VALUES (15, 'Lauryn', 'Rolfson', 'Kenya40', 'LHXJ9L20VdegAL5', 14, 12);
INSERT INTO USUARIO (ID, NOME, LOGIN, PASSWORD, ENDERECO_ID, TELEFONE_ID) VALUES (16, 'Jaiden', 'Kirlin', 'Frederic42', 'Mjpj8iCffsZvksh', 0, 17);
INSERT INTO USUARIO (ID, NOME, LOGIN, PASSWORD, ENDERECO_ID, TELEFONE_ID) VALUES (17, 'Jayda', 'VonRueden', 'Keaton0', '6A998b_RDNVE2ZQ', 19, 19);
INSERT INTO USUARIO (ID, NOME, LOGIN, PASSWORD, ENDERECO_ID, TELEFONE_ID) VALUES (18, 'Alyson', 'Schimmel', 'Raphaelle.Johns', 'TPc2YrgcreWuSIG', 6, 7);
INSERT INTO USUARIO (ID, NOME, LOGIN, PASSWORD, ENDERECO_ID, TELEFONE_ID) VALUES (19, 'Una', 'Daugherty', 'Idell.Mills66', 'ru7Fahwk4q_XAIB', 12, 20);
INSERT INTO LIVRO (ID, TITULO, EXEMPLAR, USUARIO_ID, AUTOR_ID, EDITORA_ID, GENERO_ID) VALUES (0, 'Regional Implementation Designer', 1, 4, 7, 9, 0);
INSERT INTO LIVRO (ID, TITULO, EXEMPLAR, USUARIO_ID, AUTOR_ID, EDITORA_ID, GENERO_ID) VALUES (1, 'Human Mobility Analyst', 2, 16, 5, 2, 4);
INSERT INTO LIVRO (ID, TITULO, EXEMPLAR, USUARIO_ID, AUTOR_ID, EDITORA_ID, GENERO_ID) VALUES (2, 'Product Identity Administrator', 3, 0, 20, 7, 15);
INSERT INTO LIVRO (ID, TITULO, EXEMPLAR, USUARIO_ID, AUTOR_ID, EDITORA_ID, GENERO_ID) VALUES (3, 'Investor Configuration Officer', 4, 16, 7, 12, 4);
INSERT INTO LIVRO (ID, TITULO, EXEMPLAR, USUARIO_ID, AUTOR_ID, EDITORA_ID, GENERO_ID) VALUES (4, 'Forward Quality Executive', 5, 4, 4, 11, 1);
INSERT INTO LIVRO (ID, TITULO, EXEMPLAR, USUARIO_ID, AUTOR_ID, EDITORA_ID, GENERO_ID) VALUES (5, 'Human Factors Administrator', 6, 10, 16, 4, 19);
INSERT INTO LIVRO (ID, TITULO, EXEMPLAR, USUARIO_ID, AUTOR_ID, EDITORA_ID, GENERO_ID) VALUES (6, 'Legacy Factors Technician', 7, 2, 3, 15, 5);
INSERT INTO LIVRO (ID, TITULO, EXEMPLAR, USUARIO_ID, AUTOR_ID, EDITORA_ID, GENERO_ID) VALUES (7, 'Dynamic Integration Analyst', 8, 16, 15, 6, 15);
INSERT INTO LIVRO (ID, TITULO, EXEMPLAR, USUARIO_ID, AUTOR_ID, EDITORA_ID, GENERO_ID) VALUES (8, 'Future Paradigm Liaison', 9, 11, 16, 7, 3);
INSERT INTO LIVRO (ID, TITULO, EXEMPLAR, USUARIO_ID, AUTOR_ID, EDITORA_ID, GENERO_ID) VALUES (9, 'Forward Paradigm Administrator', 10, 19, 3, 2, 12);
INSERT INTO LIVRO (ID, TITULO, EXEMPLAR, USUARIO_ID, AUTOR_ID, EDITORA_ID, GENERO_ID) VALUES (10, 'Forward Optimization Technician', 11, 19, 0, 10, 9);
INSERT INTO LIVRO (ID, TITULO, EXEMPLAR, USUARIO_ID, AUTOR_ID, EDITORA_ID, GENERO_ID) VALUES (11, 'Central Communications Director', 12, 17, 8, 1, 8);
INSERT INTO LIVRO (ID, TITULO, EXEMPLAR, USUARIO_ID, AUTOR_ID, EDITORA_ID, GENERO_ID) VALUES (12, 'Legacy Response Coordinator', 13, 0, 1, 6, 20);
INSERT INTO LIVRO (ID, TITULO, EXEMPLAR, USUARIO_ID, AUTOR_ID, EDITORA_ID, GENERO_ID) VALUES (13, 'Human Operations Engineer', 14, 2, 1, 5, 17);
INSERT INTO LIVRO (ID, TITULO, EXEMPLAR, USUARIO_ID, AUTOR_ID, EDITORA_ID, GENERO_ID) VALUES (14, 'Chief Web Engineer', 15, 1, 14, 7, 14);
INSERT INTO LIVRO (ID, TITULO, EXEMPLAR, USUARIO_ID, AUTOR_ID, EDITORA_ID, GENERO_ID) VALUES (15, 'Lead Factors Developer', 16, 11, 14, 10, 1);
INSERT INTO LIVRO (ID, TITULO, EXEMPLAR, USUARIO_ID, AUTOR_ID, EDITORA_ID, GENERO_ID) VALUES (16, 'Human Configuration Agent', 17, 20, 15, 6, 20);
INSERT INTO LIVRO (ID, TITULO, EXEMPLAR, USUARIO_ID, AUTOR_ID, EDITORA_ID, GENERO_ID) VALUES (17, 'National Web Engineer', 18, 3, 9, 5, 19);
INSERT INTO LIVRO (ID, TITULO, EXEMPLAR, USUARIO_ID, AUTOR_ID, EDITORA_ID, GENERO_ID) VALUES (18, 'International Accounts Representative', 19, 0, 5, 20, 2);
INSERT INTO LIVRO (ID, TITULO, EXEMPLAR, USUARIO_ID, AUTOR_ID, EDITORA_ID, GENERO_ID) VALUES (19, 'Senior Functionality Coordinator', 20, 7, 20, 13, 5);
INSERT INTO GENERO_LIVRO (ID, LIVRO_ID, GENERO_ID) VALUES (0, 0, 14);
INSERT INTO GENERO_LIVRO (ID, LIVRO_ID, GENERO_ID) VALUES (1, 0, 14);
INSERT INTO GENERO_LIVRO (ID, LIVRO_ID, GENERO_ID) VALUES (2, 1, 2);
INSERT INTO GENERO_LIVRO (ID, LIVRO_ID, GENERO_ID) VALUES (3, 1, 13);
INSERT INTO GENERO_LIVRO (ID, LIVRO_ID, GENERO_ID) VALUES (4, 2, 9);
INSERT INTO GENERO_LIVRO (ID, LIVRO_ID, GENERO_ID) VALUES (5, 2, 8);
INSERT INTO GENERO_LIVRO (ID, LIVRO_ID, GENERO_ID) VALUES (6, 3, 19);
INSERT INTO GENERO_LIVRO (ID, LIVRO_ID, GENERO_ID) VALUES (7, 3, 6);
INSERT INTO GENERO_LIVRO (ID, LIVRO_ID, GENERO_ID) VALUES (8, 4, 9);
INSERT INTO GENERO_LIVRO (ID, LIVRO_ID, GENERO_ID) VALUES (9, 4, 16);
INSERT INTO GENERO_LIVRO (ID, LIVRO_ID, GENERO_ID) VALUES (10, 5, 4);
INSERT INTO GENERO_LIVRO (ID, LIVRO_ID, GENERO_ID) VALUES (11, 5, 3);
INSERT INTO GENERO_LIVRO (ID, LIVRO_ID, GENERO_ID) VALUES (12, 6, 1);
INSERT INTO GENERO_LIVRO (ID, LIVRO_ID, GENERO_ID) VALUES (13, 6, 20);
INSERT INTO GENERO_LIVRO (ID, LIVRO_ID, GENERO_ID) VALUES (14, 7, 12);
INSERT INTO GENERO_LIVRO (ID, LIVRO_ID, GENERO_ID) VALUES (15, 7, 18);
INSERT INTO GENERO_LIVRO (ID, LIVRO_ID, GENERO_ID) VALUES (16, 8, 4);
INSERT INTO GENERO_LIVRO (ID, LIVRO_ID, GENERO_ID) VALUES (17, 8, 11);
INSERT INTO GENERO_LIVRO (ID, LIVRO_ID, GENERO_ID) VALUES (18, 9, 10);
INSERT INTO GENERO_LIVRO (ID, LIVRO_ID, GENERO_ID) VALUES (19, 9, 4);
INSERT INTO GENERO_LIVRO (ID, LIVRO_ID, GENERO_ID) VALUES (20, 10, 6);
INSERT INTO GENERO_LIVRO (ID, LIVRO_ID, GENERO_ID) VALUES (21, 10, 2);
INSERT INTO GENERO_LIVRO (ID, LIVRO_ID, GENERO_ID) VALUES (22, 11, 15);
INSERT INTO GENERO_LIVRO (ID, LIVRO_ID, GENERO_ID) VALUES (23, 11, 11);
INSERT INTO GENERO_LIVRO (ID, LIVRO_ID, GENERO_ID) VALUES (24, 12, 8);
INSERT INTO GENERO_LIVRO (ID, LIVRO_ID, GENERO_ID) VALUES (25, 12, 0);
INSERT INTO GENERO_LIVRO (ID, LIVRO_ID, GENERO_ID) VALUES (26, 13, 9);
INSERT INTO GENERO_LIVRO (ID, LIVRO_ID, GENERO_ID) VALUES (27, 13, 6);
INSERT INTO GENERO_LIVRO (ID, LIVRO_ID, GENERO_ID) VALUES (28, 14, 4);
INSERT INTO GENERO_LIVRO (ID, LIVRO_ID, GENERO_ID) VALUES (29, 14, 7);
INSERT INTO GENERO_LIVRO (ID, LIVRO_ID, GENERO_ID) VALUES (30, 15, 10);
INSERT INTO GENERO_LIVRO (ID, LIVRO_ID, GENERO_ID) VALUES (31, 15, 17);
INSERT INTO GENERO_LIVRO (ID, LIVRO_ID, GENERO_ID) VALUES (32, 16, 9);
INSERT INTO GENERO_LIVRO (ID, LIVRO_ID, GENERO_ID) VALUES (33, 16, 18);
INSERT INTO GENERO_LIVRO (ID, LIVRO_ID, GENERO_ID) VALUES (34, 17, 18);
INSERT INTO GENERO_LIVRO (ID, LIVRO_ID, GENERO_ID) VALUES (35, 17, 13);
INSERT INTO GENERO_LIVRO (ID, LIVRO_ID, GENERO_ID) VALUES (36, 18, 19);
INSERT INTO GENERO_LIVRO (ID, LIVRO_ID, GENERO_ID) VALUES (37, 18, 2);
INSERT INTO GENERO_LIVRO (ID, LIVRO_ID, GENERO_ID) VALUES (38, 19, 3);
INSERT INTO GENERO_LIVRO (ID, LIVRO_ID, GENERO_ID) VALUES (39, 19, 7);
INSERT INTO GENERO_USUARIO (ID, USUARIO_ID, GENERO_ID) VALUES (0, 0, 5);
INSERT INTO GENERO_USUARIO (ID, USUARIO_ID, GENERO_ID) VALUES (1, 0, 20);
INSERT INTO GENERO_USUARIO (ID, USUARIO_ID, GENERO_ID) VALUES (2, 1, 4);
INSERT INTO GENERO_USUARIO (ID, USUARIO_ID, GENERO_ID) VALUES (3, 1, 7);
INSERT INTO GENERO_USUARIO (ID, USUARIO_ID, GENERO_ID) VALUES (4, 2, 10);
INSERT INTO GENERO_USUARIO (ID, USUARIO_ID, GENERO_ID) VALUES (5, 2, 13);
INSERT INTO GENERO_USUARIO (ID, USUARIO_ID, GENERO_ID) VALUES (6, 3, 11);
INSERT INTO GENERO_USUARIO (ID, USUARIO_ID, GENERO_ID) VALUES (7, 3, 16);
INSERT INTO GENERO_USUARIO (ID, USUARIO_ID, GENERO_ID) VALUES (8, 4, 19);
INSERT INTO GENERO_USUARIO (ID, USUARIO_ID, GENERO_ID) VALUES (9, 4, 8);
INSERT INTO GENERO_USUARIO (ID, USUARIO_ID, GENERO_ID) VALUES (10, 5, 13);
INSERT INTO GENERO_USUARIO (ID, USUARIO_ID, GENERO_ID) VALUES (11, 5, 18);
INSERT INTO GENERO_USUARIO (ID, USUARIO_ID, GENERO_ID) VALUES (12, 6, 17);
INSERT INTO GENERO_USUARIO (ID, USUARIO_ID, GENERO_ID) VALUES (13, 6, 7);
INSERT INTO GENERO_USUARIO (ID, USUARIO_ID, GENERO_ID) VALUES (14, 7, 18);
INSERT INTO GENERO_USUARIO (ID, USUARIO_ID, GENERO_ID) VALUES (15, 7, 18);
INSERT INTO GENERO_USUARIO (ID, USUARIO_ID, GENERO_ID) VALUES (16, 8, 1);
INSERT INTO GENERO_USUARIO (ID, USUARIO_ID, GENERO_ID) VALUES (17, 8, 4);
INSERT INTO GENERO_USUARIO (ID, USUARIO_ID, GENERO_ID) VALUES (18, 9, 14);
INSERT INTO GENERO_USUARIO (ID, USUARIO_ID, GENERO_ID) VALUES (19, 9, 18);
INSERT INTO GENERO_USUARIO (ID, USUARIO_ID, GENERO_ID) VALUES (20, 10, 10);
INSERT INTO GENERO_USUARIO (ID, USUARIO_ID, GENERO_ID) VALUES (21, 10, 4);
INSERT INTO GENERO_USUARIO (ID, USUARIO_ID, GENERO_ID) VALUES (22, 11, 5);
INSERT INTO GENERO_USUARIO (ID, USUARIO_ID, GENERO_ID) VALUES (23, 11, 17);
INSERT INTO GENERO_USUARIO (ID, USUARIO_ID, GENERO_ID) VALUES (24, 12, 8);
INSERT INTO GENERO_USUARIO (ID, USUARIO_ID, GENERO_ID) VALUES (25, 12, 2);
INSERT INTO GENERO_USUARIO (ID, USUARIO_ID, GENERO_ID) VALUES (26, 13, 4);
INSERT INTO GENERO_USUARIO (ID, USUARIO_ID, GENERO_ID) VALUES (27, 13, 9);
INSERT INTO GENERO_USUARIO (ID, USUARIO_ID, GENERO_ID) VALUES (28, 14, 18);
INSERT INTO GENERO_USUARIO (ID, USUARIO_ID, GENERO_ID) VALUES (29, 14, 13);
INSERT INTO GENERO_USUARIO (ID, USUARIO_ID, GENERO_ID) VALUES (30, 15, 20);
INSERT INTO GENERO_USUARIO (ID, USUARIO_ID, GENERO_ID) VALUES (31, 15, 20);
INSERT INTO GENERO_USUARIO (ID, USUARIO_ID, GENERO_ID) VALUES (32, 16, 15);
INSERT INTO GENERO_USUARIO (ID, USUARIO_ID, GENERO_ID) VALUES (33, 16, 1);
INSERT INTO GENERO_USUARIO (ID, USUARIO_ID, GENERO_ID) VALUES (34, 17, 13);
INSERT INTO GENERO_USUARIO (ID, USUARIO_ID, GENERO_ID) VALUES (35, 17, 14);
INSERT INTO GENERO_USUARIO (ID, USUARIO_ID, GENERO_ID) VALUES (36, 18, 1);
INSERT INTO GENERO_USUARIO (ID, USUARIO_ID, GENERO_ID) VALUES (37, 18, 8);
INSERT INTO GENERO_USUARIO (ID, USUARIO_ID, GENERO_ID) VALUES (38, 19, 15);
INSERT INTO GENERO_USUARIO (ID, USUARIO_ID, GENERO_ID) VALUES (39, 19, 12);
INSERT INTO GENERO_USUARIO (ID, USUARIO_ID, GENERO_ID) VALUES (40, 0, 20);
INSERT INTO GENERO_USUARIO (ID, USUARIO_ID, GENERO_ID) VALUES (41, 0, 11);
INSERT INTO GENERO_USUARIO (ID, USUARIO_ID, GENERO_ID) VALUES (42, 1, 12);
INSERT INTO GENERO_USUARIO (ID, USUARIO_ID, GENERO_ID) VALUES (43, 1, 0);
INSERT INTO GENERO_USUARIO (ID, USUARIO_ID, GENERO_ID) VALUES (44, 2, 2);
INSERT INTO GENERO_USUARIO (ID, USUARIO_ID, GENERO_ID) VALUES (45, 2, 10);
INSERT INTO GENERO_USUARIO (ID, USUARIO_ID, GENERO_ID) VALUES (46, 3, 8);
INSERT INTO GENERO_USUARIO (ID, USUARIO_ID, GENERO_ID) VALUES (47, 3, 13);
INSERT INTO GENERO_USUARIO (ID, USUARIO_ID, GENERO_ID) VALUES (48, 4, 20);
INSERT INTO GENERO_USUARIO (ID, USUARIO_ID, GENERO_ID) VALUES (49, 4, 15);
INSERT INTO GENERO_USUARIO (ID, USUARIO_ID, GENERO_ID) VALUES (50, 5, 1);
INSERT INTO GENERO_USUARIO (ID, USUARIO_ID, GENERO_ID) VALUES (51, 5, 0);
INSERT INTO GENERO_USUARIO (ID, USUARIO_ID, GENERO_ID) VALUES (52, 6, 14);
INSERT INTO GENERO_USUARIO (ID, USUARIO_ID, GENERO_ID) VALUES (53, 6, 9);
INSERT INTO GENERO_USUARIO (ID, USUARIO_ID, GENERO_ID) VALUES (54, 7, 9);
INSERT INTO GENERO_USUARIO (ID, USUARIO_ID, GENERO_ID) VALUES (55, 7, 11);
INSERT INTO GENERO_USUARIO (ID, USUARIO_ID, GENERO_ID) VALUES (56, 8, 18);
INSERT INTO GENERO_USUARIO (ID, USUARIO_ID, GENERO_ID) VALUES (57, 8, 4);
INSERT INTO GENERO_USUARIO (ID, USUARIO_ID, GENERO_ID) VALUES (58, 9, 17);
INSERT INTO GENERO_USUARIO (ID, USUARIO_ID, GENERO_ID) VALUES (59, 9, 7);
INSERT INTO GENERO_USUARIO (ID, USUARIO_ID, GENERO_ID) VALUES (60, 10, 14);
INSERT INTO GENERO_USUARIO (ID, USUARIO_ID, GENERO_ID) VALUES (61, 10, 1);
INSERT INTO GENERO_USUARIO (ID, USUARIO_ID, GENERO_ID) VALUES (62, 11, 0);
INSERT INTO GENERO_USUARIO (ID, USUARIO_ID, GENERO_ID) VALUES (63, 11, 14);
INSERT INTO GENERO_USUARIO (ID, USUARIO_ID, GENERO_ID) VALUES (64, 12, 2);
INSERT INTO GENERO_USUARIO (ID, USUARIO_ID, GENERO_ID) VALUES (65, 12, 19);
INSERT INTO GENERO_USUARIO (ID, USUARIO_ID, GENERO_ID) VALUES (66, 13, 17);
INSERT INTO GENERO_USUARIO (ID, USUARIO_ID, GENERO_ID) VALUES (67, 13, 7);
INSERT INTO GENERO_USUARIO (ID, USUARIO_ID, GENERO_ID) VALUES (68, 14, 5);
INSERT INTO GENERO_USUARIO (ID, USUARIO_ID, GENERO_ID) VALUES (69, 14, 5);
INSERT INTO GENERO_USUARIO (ID, USUARIO_ID, GENERO_ID) VALUES (70, 15, 4);
INSERT INTO GENERO_USUARIO (ID, USUARIO_ID, GENERO_ID) VALUES (71, 15, 13);
INSERT INTO GENERO_USUARIO (ID, USUARIO_ID, GENERO_ID) VALUES (72, 16, 8);
INSERT INTO GENERO_USUARIO (ID, USUARIO_ID, GENERO_ID) VALUES (73, 16, 5);
INSERT INTO GENERO_USUARIO (ID, USUARIO_ID, GENERO_ID) VALUES (74, 17, 0);
INSERT INTO GENERO_USUARIO (ID, USUARIO_ID, GENERO_ID) VALUES (75, 17, 8);
INSERT INTO GENERO_USUARIO (ID, USUARIO_ID, GENERO_ID) VALUES (76, 18, 15);
INSERT INTO GENERO_USUARIO (ID, USUARIO_ID, GENERO_ID) VALUES (77, 18, 17);
INSERT INTO GENERO_USUARIO (ID, USUARIO_ID, GENERO_ID) VALUES (78, 19, 17);
INSERT INTO GENERO_USUARIO (ID, USUARIO_ID, GENERO_ID) VALUES (79, 19, 6);
